event_id,ntsb_number,year,date,city,state,total_fatalities
20041025X01691,MIA05FA008,2004,10/20/04 00:00:00,SANTA ROSA BCH,FL,3.0
20001211X15555,ANC92FA164,1992,09/11/92 00:00:00,EAGLE,AK,3.0
20001208X07947,LAX97LA176,1997,05/10/97 00:00:00,PUAKO,HI,2.0
20001211X12937,LAX93FA311,1993,07/31/93 00:00:00,EL MONTE,CA,3.0
20001211X11496,SEA99FA013,1998,11/10/98 00:00:00,MARSHALL,WA,1.0
20010820X01734,LAX01MA272,2001,08/10/01 00:00:00,MEADVIEW,AZ,6.0
20030326X00395,ATL03FA065,2003,03/23/03 00:00:00,KIMBLE,TN,1.0
20070820X01211,CHI07LA273,2007,08/18/07 00:00:00,WINAMAC,IN,1.0
20001214X39833,CHI84FA226,1984,06/10/84 00:00:00,MERRIMAC,WI,1.0
20121010X41638,CEN13FA009,2012,10/10/12 00:00:00,CROWLEY,LA,1.0
20130222X12624,CEN13FA174,2013,02/22/13 00:00:00,OKLAHOMA CITY,OK,2.0
20001211X10053,FTW98FA238,1998,05/24/98 00:00:00,BIXBY,OK,1.0
20140127X44720,CEN14FA122,2014,01/27/14 00:00:00,SILT,CO,3.0
20001206X02565,CHI95FA035,1994,11/08/94 00:00:00,CAMERON,LA,1.0
20091012X15520,WPR10FA012,2009,10/12/09 00:00:00,FOSSIL,OR,1.0
20001214X45290,FTW84FA102,1983,12/24/83 00:00:00,HUGHES,AR,1.0
20170314X72543,CEN17FA127,2017,03/14/17 00:00:00,CHALMERS,IN,1.0
20111110X01102,WPR12MA034,2011,11/10/11 00:00:00,PUKOO,HI,5.0
20160624X83720,WPR16FA130,2016,06/23/16 00:00:00,WIKIEUP,AZ,2.0
20030904X01456,LAX03FA282,2003,08/25/03 00:00:00,ENCINITAS,CA,1.0
20001208X07115,SEA97LA025,1996,11/05/96 00:00:00,LEAVENWORTH,WA,1.0
20001213X30179,ATL87FA071,1987,02/13/87 00:00:00,BUFORD,GA,1.0
20001214X41704,ATL85FA070,1984,12/29/84 00:00:00,MOUNDSVILLE,WV,1.0
20130326X72345,CEN13FA205,2013,03/26/13 00:00:00,CADDO,TX,1.0
20001211X12997,NYC93FA138,1993,07/24/93 00:00:00,WARSAW,KY,2.0
20001213X33937,MIA86FA181,1986,06/14/86 00:00:00,LK BUENA VISTA,FL,1.0
20020917X02127,FTW82FQA15,1982,02/23/82 00:00:00,WATROUS,NM,1.0
20001208X08833,FTW97GA350,1997,09/17/97 00:00:00,NEWARK,TX,2.0
20161116X00108,WPR17FA021,2016,11/15/16 00:00:00,PUKOO,HI,2.0
20001212X17624,LAX91TL#08,1991,07/26/91 00:00:00,LAKE ALPINE,CA,1.0
20001214X42464,LAX83FA154,1983,03/22/83 00:00:00,SALINAS,CA,1.0
20120915X43730,ERA12FA563,2012,09/15/12 00:00:00,WEST WINDSOR,NJ,1.0
20001213X35442,SEA87MA034,1986,12/03/86 00:00:00,PENDLETON,OR,3.0
20001213X29709,NYC90MA009,1989,10/10/89 00:00:00,LACEY TOWNSHIP,NJ,5.0
20020917X02261,LAX82FA061,1982,01/27/82 00:00:00,LAGUNITAS,CA,1.0
20001213X26484,CHI88DEX11,1988,08/10/88 00:00:00,REDKEY,IN,1.0
20001213X32868,LAX86FA106,1986,02/03/86 00:00:00,YOUNG,AZ,1.0
20001212X20478,DEN00GA050,2000,02/11/00 00:00:00,WOODS CROSS,UT,2.0
20001211X15171,LAX92FA294,1992,07/11/92 00:00:00,TWIN PEAKS,CA,1.0
20050830X01331,DFW05FA217,2005,08/18/05 00:00:00,GULF OF MEXICO,GM,2.0
20001212X20659,LAX00FA130,2000,03/19/00 00:00:00,SNELLING,CA,1.0
20140523X44003,WPR14FA203,2014,05/23/14 00:00:00,SANTA PAULA,CA,1.0
20001214X36805,LAX85FA286,1985,06/19/85 00:00:00,SQUAW VALLEY,CA,2.0
20140811X54554,CEN14LA418,2014,05/28/14 00:00:00,LITTLE FALLS,MN,1.0
20050719X01059,DEN05FA103,2005,06/30/05 00:00:00,MANCOS,CO,3.0
20080529X00746,SEA08MA136,2008,05/24/08 00:00:00,AVALON,CA,3.0
20040713X00966,FTW04FA168,2004,06/24/04 00:00:00,VERMILLION BAY,LA,3.0
20040801X01120,CHI04FA197,2004,07/28/04 00:00:00,MOUNT CLEMENS,MI,1.0
20010110X00147,CHI86MA071,1986,01/21/86 00:00:00,ELLENDALE,MN,3.0
20001212X17922,MIA91GA211,1991,08/30/91 00:00:00,LAKE CITY,FL,1.0
20070804X01107,LAX07TA227,2007,07/23/07 00:00:00,HAPPY CAMP,CA,1.0
20020917X03445,FTW82FA204,1982,05/31/82 00:00:00,FAIRFIELD,TX,2.0
20001211X09579,MIA98GA069,1998,02/03/98 00:00:00,SAVANNAH,TN,4.0
20021122X05507,ANC03LA015,2002,11/15/02 00:00:00,KINGMAN,AZ,1.0
20060119X00089,LAX06FA069,2005,12/25/05 00:00:00,LIHUE,HI,1.0
20001208X07954,LAX97LA185,1997,05/18/97 00:00:00,HILO,HI,1.0
20001207X03933,FTW95FA308,1995,07/22/95 00:00:00,BORGER,TX,1.0
20001207X03441,FTW95FA186,1995,05/02/95 00:00:00,VENICE,LA,1.0
20131009X50051,CEN14FA004,2013,10/09/13 00:00:00,"VENICE, LA",GM,1.0
20001211X09959,SEA98LA063,1998,04/10/98 00:00:00,EMMETT,ID,1.0
20001211X14348,SEA92LA055,1992,03/06/92 00:00:00,OXBOW,OR,1.0
20051023X01707,NYC06MA005,2005,10/07/05 00:00:00,SMETHPORT,PA,1.0
20070927X01463,DFW07FA198,2007,09/12/07 00:00:00,HOSSTON,LA,2.0
20030117X00083,CHI03FA056,2003,01/16/03 00:00:00,B.S. 53,LA,1.0
20001211X10554,FTW98FA306,1998,07/10/98 00:00:00,JONES,OK,2.0
20001206X01863,SEA94FA190,1994,07/24/94 00:00:00,SYRACUSE,UT,1.0
20010813X01666,IAD01FA089,2001,08/01/01 00:00:00,BALTIMORE,MD,2.0
20001212X16367,NYC91FA067,1991,01/26/91 00:00:00,SONESTOWN,PA,4.0
20001206X00636,LAX94LA090,1994,01/04/94 00:00:00,COOLIDGE DAM,AZ,1.0
20001213X26486,CHI88FA190,1988,08/02/88 00:00:00,BRACEVILLE,IL,2.0
20001212X19645,SEA99FA168,1999,08/07/99 00:00:00,WESTPORT,OR,1.0
20051018X01683,DFW06FAMS1,2005,10/06/05 00:00:00,GULF OF MEXICO,,3.0
20001213X29711,SEA90FA005,1989,10/13/89 00:00:00,BOTHELL,WA,1.0
20030103X00010,LAX03FA054,2002,12/23/02 00:00:00,DOLAN SPRINGS,AZ,2.0
20001212X20004,MIA00FA003,1999,10/05/99 00:00:00,CENTREVILLE,AL,2.0
20060531X00648,CHI06LA138,2006,05/28/06 00:00:00,BERLIN CENTER,OH,1.0
20061222X01838,NYC07FA048,2006,12/14/06 00:00:00,DAGSBORO,DE,2.0
20001211X13417,LAX93FA369,1993,09/24/93 00:00:00,WILDOMAR,CA,2.0
20121010X63824,ERA13FA014,2012,10/09/12 00:00:00,COOLBAUGH TOWNSHIP,PA,2.0
20001214X43375,LAX83FA277,1983,06/10/83 00:00:00,GOLETA,CA,2.0
20001214X37880,NYC85FA245,1985,09/22/85 00:00:00,CHALKHILL,PA,1.0
20180118X03803,CEN18FA078,2018,01/17/18 00:00:00,RATON,NM,5.0
20001214X38910,SEA84FA048,1984,02/05/84 00:00:00,MEDFORD,OR,1.0
20001211X14670,LAX92FA206,1992,05/08/92 00:00:00,ANAHEIM,CA,1.0
20041217X02006,LAX05FA053,2004,12/14/04 00:00:00,APACHE JUNCTION,AZ,1.0
20001211X11966,DEN93FA033,1993,03/16/93 00:00:00,APPLEGATE,OR,3.0
20001213X33174,SEA86FA073,1986,03/07/86 00:00:00,SILETZ,OR,1.0
20130331X41252,ANC13GA036,2013,03/30/13 00:00:00,TALKEETNA,AK,3.0
20001214X38471,MKC86FA037,1985,12/20/85 00:00:00,AINSWORTH,NE,3.0
20001213X32106,LAX87FA332,1987,09/09/87 00:00:00,VALLEJO,CA,3.0
20001212X24293,LAX90FA316,1990,09/07/90 00:00:00,SANTA PAULA,CA,1.0
20140318X21532,WPR14FA137,2014,03/18/14 00:00:00,SEATTLE,WA,2.0
20071121X01829,SEA08FA022,2007,11/08/07 00:00:00,BAKER CITY,OR,1.0
20001213X31507,FTW87FA156,1987,07/04/87 00:00:00,VENICE,LA,1.0
20001214X44932,NYC84FA009,1983,10/18/83 00:00:00,HUDSON,NH,1.0
20001211X14950,NYC92FA123,1992,06/20/92 00:00:00,MIDDLETOWN,CT,1.0
20001211X15345,CHI92FA232,1992,08/09/92 00:00:00,ST. CHARLES,MO,2.0
20040811X01197,MIA04GA117,2004,08/04/04 00:00:00,BUNNELL,FL,1.0
20020917X02103,FTW82FA110,1982,04/02/82 00:00:00,MCKINNEY,TX,3.0
20001214X37157,LAX85FA315,1985,07/12/85 00:00:00,PAGE,AZ,2.0
20001213X29425,LAX89LA324,1989,09/18/89 00:00:00,AGANA,GU,2.0
20001206X01271,FTW94FA158,1994,05/16/94 00:00:00,TULSA,OK,1.0
20080819X01260,SEA08FA185,2008,08/17/08 00:00:00,OLALLA,WA,1.0
20160326X80544,ERA16FA140,2016,03/26/16 00:00:00,ENTERPRISE,AL,4.0
20001211X16133,CHI93GA046,1992,12/01/92 00:00:00,KANSAS CITY,MO,2.0
20001208X05224,CHI96FA091,1996,02/19/96 00:00:00,DWEESE,NE,2.0
20001208X08839,FTW97LA339,1997,09/09/97 00:00:00,IDABEL,OK,1.0
20001212X21753,LAX00FA306,2000,08/18/00 00:00:00,WATSONVILLE,CA,2.0
20030227X00265,FTW03LA101,2003,02/22/03 00:00:00,HIGH ISLAND 443,GM,1.0
20001213X28793,DEN89FA175,1989,07/18/89 00:00:00,DUCHESNE,UT,3.0
20001211X16154,FTW93FA051,1992,12/11/92 00:00:00,FORNEY,TX,1.0
20020920X05188,NYC02LA184,2002,09/07/02 00:00:00,RENFREW,PA,1.0
20001213X33753,ATL86FEI07,1986,06/25/86 00:00:00,LISBON,OH,1.0
20010726X01520,CHI01FA231,2001,07/22/01 00:00:00,BALLARD,MO,2.0
20001208X06541,LAX96FA310,1996,08/20/96 00:00:00,PALMDALE,CA,1.0
20160711X20144,ERA16LA253,2016,07/11/16 00:00:00,GEORGETOWN,DE,1.0
20001212X18521,SEA92FA016,1991,11/08/91 00:00:00,SALT LAKE CITY,UT,1.0
20010110X00080,NYC01FA053,2000,12/04/00 00:00:00,SANDGAP,KY,3.0
20081001X14522,MIA08MA203,2008,09/27/08 00:00:00,DISTRICT HEIGHTS,MD,4.0
20001207X03984,LAX95GA264,1995,07/21/95 00:00:00,HAUULA,HI,3.0
20001212X24367,SEA90GA180,1990,09/11/90 00:00:00,KELLER,WA,1.0
20101015X73141,CEN11GA020,2010,10/15/10 00:00:00,CLARKSON VALLEY,MO,1.0
20001211X10871,IAD98FA092,1998,08/11/98 00:00:00,NORTHAMPTON,PA,1.0
20001212X22153,FTW01FA017,2000,10/28/00 00:00:00,E. CAMERON 200,GM,1.0
20090724X05537,ERA09FA417,2009,07/23/09 00:00:00,BOONSBORO,MD,4.0
20020917X04545,DEN83FTE04,1982,11/22/82 00:00:00,ENGLEWOOD,CO,2.0
20080715X01051,DEN08MA116,2008,06/29/08 00:00:00,FLAGSTAFF,AZ,7.0
20100725X05225,CEN10LA431,2010,07/24/10 00:00:00,ROCHESTER,MN,1.0
20080128X00108,MIA08FA044,2008,01/22/08 00:00:00,OCHOPEE,FL,2.0
20001208X07417,LAX97GA105,1997,02/16/97 00:00:00,SANTEE,CA,1.0
20001208X06966,SEA97FA001,1996,10/04/96 00:00:00,CANBY,OR,3.0
20111001X63448,CEN12FA001,2011,10/01/11 00:00:00,PHILIP,SD,1.0
20001212X23230,MKC90DCQ02,1990,05/06/90 00:00:00,ULYSSES,KS,1.0
20001212X21362,ATL00FA069,2000,07/24/00 00:00:00,SUMNER,GA,3.0
20001211X09565,LAX98FA098,1998,02/26/98 00:00:00,LITTLEROCK,CA,1.0
20031024X01809,MIA04FA008,2003,10/21/03 00:00:00,BALM,FL,2.0
20001214X38696,ATL84FA100,1984,02/17/84 00:00:00,CULLMAN,AL,1.0
20001214X44582,LAX83FVG17,1983,09/15/83 00:00:00,TULELAKE,CA,1.0
20001214X43145,SEA83FYM05,1983,05/04/83 00:00:00,MILTON FREEWTR.,OR,1.0
20090605X40032,ERA09LA323,2009,06/05/09 00:00:00,BERLIN,VT,1.0
20001206X00634,LAX94FA100,1994,01/20/94 00:00:00,LEBEC,CA,2.0
20001207X02876,LAX95FA079,1995,01/14/95 00:00:00,LOS ANGELES,CA,2.0
20001214X42049,MIA83FA065,1983,01/29/83 00:00:00,TALLAHASSEE,FL,1.0
20140928X75554,ERA14FA461,2014,09/28/14 00:00:00,GALLATIN,TN,1.0
20090926X65328,ERA09FA537,2009,09/25/09 00:00:00,GEORGETOWN,SC,3.0
20001213X29024,ATL89FA193,1989,08/02/89 00:00:00,NORMAN PARK,GA,1.0
20001211X11576,LAX99FA057,1998,12/23/98 00:00:00,QUINCY,CA,1.0
20020806X01314,CHI02LA232,2002,08/02/02 00:00:00,RANTOUL,IL,1.0
20090122X30337,ERA09LA139,2009,01/22/09 00:00:00,MONROE,NC,1.0
20030806X01273,LAX03FA241,2003,07/23/03 00:00:00,"WAIALEALE,KAUAI",HI,5.0
20001211X14860,FTW92GA157,1992,06/13/92 00:00:00,SUNLAND PARK,NM,1.0
20001213X28311,FTW89DRG06,1989,05/18/89 00:00:00,ROCKSPRINGS,TX,1.0
20010105X00031,FTW01FA043,2000,12/29/00 00:00:00,GILCHRIST,TX,1.0
20040108X00032,LAX04FA076,2003,12/23/03 00:00:00,REDWOOD VALLEY,CA,3.0
20001208X06924,LAX97LA014,1996,10/12/96 00:00:00,MATHER,CA,1.0
20001213X25597,ATL88FA168,1988,05/09/88 00:00:00,OZARK,AL,1.0
20090722X34202,ERA09FA414,2009,07/22/09 00:00:00,FRANKLIN,PA,1.0
20001212X18539,ATL92FA029,1991,12/07/91 00:00:00,FUQUAY-VARINA,NC,3.0
20001213X33907,LAX86LA242,1986,06/06/86 00:00:00,THERMAL,CA,1.0
20111208X52528,DCA12MA020,2011,12/07/11 00:00:00,LAS VEGAS,NV,5.0
20060817X01187,LAX06LA257,2006,08/10/06 00:00:00,TUCSON,AZ,1.0
20020530X00771,ATL02FA107,2002,05/25/02 00:00:00,YAUCO,PR,1.0
20001212X18336,LAX92LA029,1991,10/25/91 00:00:00,VALLEJO,CA,3.0
20001213X28337,LAX89FA203,1989,05/25/89 00:00:00,CAMP VERDE,AZ,1.0
20100806X55641,ERA10FA403,2010,08/02/10 00:00:00,BLAIRSVILLE,GA,2.0
20001214X41814,LAX85FA091,1984,12/28/84 00:00:00,SAN DIEGO,CA,1.0
20001213X29732,ATL90DKG02,1989,11/06/89 00:00:00,ELBERTON,GA,1.0
20001207X04051,NYC95LA147,1995,07/10/95 00:00:00,HAMMONTON,NJ,1.0
20001213X29824,LAX90LA033,1989,11/17/89 00:00:00,BARSTOW,CA,1.0
20070612X00715,SEA07LA135,2007,05/28/07 00:00:00,COLUMBUS,MT,1.0
20001213X34293,NYC86FHD01,1986,07/01/86 00:00:00,LAKEHURST,NJ,1.0
20001214X44343,SEA83AA176,1983,08/13/83 00:00:00,TOUTLE,WA,5.0
20001214X40964,ATL84FA297,1984,09/25/84 00:00:00,KERNERSVILLE,NC,2.0
20001214X42231,LAX83FA121,1983,02/28/83 00:00:00,PHOENIX,AZ,2.0
20001212X21760,LAX00GA297,2000,08/13/00 00:00:00,COLD SPRINGS,NV,1.0
20001213X28828,FTW89FA133,1989,07/11/89 00:00:00,GALVESTON,TX,2.0
20020917X05136,SEA83FAD01,1982,11/08/82 00:00:00,STARFISH,AK,2.0
20001212X23703,FTW90LA133,1990,07/06/90 00:00:00,SAN ANTONIO,TX,1.0
20170228X30735,CEN17FA112,2017,02/27/17 00:00:00,CHAUVIN,LA,1.0
20001212X20135,MIA00FA029,1999,11/24/99 00:00:00,HELENA,AL,2.0
20001211X14180,SEA92FA045,1992,02/11/92 00:00:00,WELLINGTON,UT,2.0
20001214X41568,FTW85FA050,1984,11/13/84 00:00:00,CLINT,TX,2.0
20001206X01313,LAX94FA214,1994,05/10/94 00:00:00,HACIENDA HEIGHT,CA,2.0
20001206X00860,CHI94FA330,1994,03/22/94 00:00:00,WISCONSIN RPDS,WI,1.0
20050120X00080,NYC05MA039,2005,01/10/05 00:00:00,OXON HILL,MD,2.0
20001214X35819,ATL85FA112,1985,03/09/85 00:00:00,DAUPHIN ISLAND,AL,4.0
20130525X61706,CEN13FA295,2013,05/24/13 00:00:00,CROSS TIMBERS,MO,2.0
20001213X32538,LAX88DVG01,1987,11/14/87 00:00:00,BROWNS VALLEY,CA,2.0
20110830X71207,CEN11LA606,2011,08/21/11 00:00:00,MT. CLEMENS,MI,1.0
20001208X06059,MIA96FA168,1996,06/28/96 00:00:00,WEBSTER,FL,2.0
20100105X94046,WPR10GA097,2010,01/05/10 00:00:00,AUBERRY,CA,4.0
20001211X10116,LAX98FA149,1998,05/01/98 00:00:00,IRWINDALE,CA,1.0
20001213X33224,ATL86MA114,1986,04/14/86 00:00:00,HOLLISTON,MA,4.0
20001214X36600,SEA85FA104,1985,05/05/85 00:00:00,SPOKANE,WA,2.0
20090808X42846,ERA09MA447,2009,08/08/09 00:00:00,HOBOKEN,NJ,9.0
20040505X00557,SEA04LA074,2004,04/27/04 00:00:00,MONTOUR,ID,1.0
20001214X45311,LAX84FA095,1983,12/07/83 00:00:00,BLACK MOUNTAIN,NV,3.0
20020917X02545,NYC82FA080,1982,04/27/82 00:00:00,NEW RINGGOLD,PA,4.0
20001212X22105,ATL01LA003,2000,10/03/00 00:00:00,TUSCALOOSA,AL,1.0
20001211X09421,FTW98FA093,1998,01/11/98 00:00:00,SANDY,UT,4.0
20001208X06862,CHI97LA016,1996,10/28/96 00:00:00,VESTABURG,MI,1.0
20090104X12037,CEN09MA117,2009,01/04/09 00:00:00,MORGAN CITY,LA,8.0
20171119X32831,CEN18FA033,2017,11/19/17 00:00:00,STUTTGART,AR,3.0
20060814X01171,LAX06GA254,2006,08/04/06 00:00:00,HAPPY CAMP,CA,2.0
20001212X23537,SEA90FA115,1990,06/30/90 00:00:00,GLACIER,WA,1.0
20001213X24916,LAX88FA085,1988,01/12/88 00:00:00,SAN DIEGO,CA,1.0
20001212X23489,MKC90FA130,1990,06/15/90 00:00:00,CEDAR RAPIDS,IA,3.0
20040506X00562,ANC04FA049,2004,04/30/04 00:00:00,DEADHORSE,AK,1.0
20001211X11752,SEA93FA048,1993,01/03/93 00:00:00,OGDEN,UT,4.0
20001211X14948,NYC92FA117,1992,06/16/92 00:00:00,SHELBURNE FALLS,MA,3.0
20001213X33817,DCA86AA028,1986,06/18/86 00:00:00,GRAND CANYON,AZ,25.0
20001212X24771,LAX91LA054,1990,12/08/90 00:00:00,HALEAKLA NAT PK,HI,1.0
20001212X18834,MIA99FA158,1999,05/20/99 00:00:00,INTERCESSION,FL,1.0
20001208X07244,SEA97LA035,1996,12/10/96 00:00:00,PENDLETON,OR,2.0
20130102X13158,WPR13FA080,2013,01/02/13 00:00:00,DELANO,CA,1.0
20130727X31220,WPR13FA343,2013,07/27/13 00:00:00,THOMPSON FALLS,MT,1.0
20001213X30464,LAX87FA147,1987,03/16/87 00:00:00,SCOTTSDALE,AZ,2.0
20001211X15858,FTW93FA002,1992,10/02/92 00:00:00,WIMBERLEY,TX,1.0
20030702X01008,CHI03FA179,2003,06/25/03 00:00:00,BOONVILLE,MO,1.0
20121012X13500,CEN13FA010,2012,10/11/12 00:00:00,BLANCO,TX,3.0
20001212X17975,SEA91FA223,1991,08/28/91 00:00:00,WALTON,OR,3.0
20001212X19991,LAX00LA018,1999,10/16/99 00:00:00,ELKO,NV,1.0
20001213X31729,BFO87FA057,1987,08/21/87 00:00:00,WASHINGTON,DC,3.0
20001213X30882,CHI87DER06,1987,05/14/87 00:00:00,NEW PRAGUE,MN,1.0
20001214X40307,FTW84FA321,1984,07/24/84 00:00:00,DALLAS,TX,2.0
20001206X01364,NYC94FA078,1994,05/05/94 00:00:00,NORTH BERGEN,NJ,2.0
20020917X02401,MIA82FA042,1982,02/04/82 00:00:00,ORMAND BEACH,FL,2.0
20001214X44194,LAX83FA393,1983,08/18/83 00:00:00,SAN PEDRO,CA,1.0
20091017X64138,CEN10FA019,2009,10/14/09 00:00:00,TAHLEQUAH,OK,2.0
20001212X16458,LAX91FA098,1991,02/13/91 00:00:00,SANTA PAULA,CA,2.0
20020131X00155,IAD02FA026,2002,01/18/02 00:00:00,CLEVELAND,OH,2.0
20030618X00893,LAX03LA197,2003,06/13/03 00:00:00,PORTERVILLE,CA,1.0
20040325X00375,FTW04FA097,2004,03/21/04 00:00:00,PYOTE,TX,4.0
20040722X01024,FTW04FA186,2004,07/17/04 00:00:00,CAMERON,LA,1.0
20001213X30536,NYC87FA114,1987,03/19/87 00:00:00,WASSAIC,NY,2.0
20001211X15606,BFO92FA144,1992,09/25/92 00:00:00,EAST BERNSTADT,KY,2.0
20001212X16795,LAX91FA159,1991,04/05/91 00:00:00,TEMECULA,CA,1.0
20090901X80259,ERA09FA497,2009,09/01/09 00:00:00,JACKSON,MS,1.0
20001212X22538,DEN90FA053,1990,02/07/90 00:00:00,WRANGELL,AK,6.0
20001211X13692,BFO94FA013,1993,11/19/93 00:00:00,PORTLAND,ME,3.0
20090225X75532,ERA09LA173,2009,02/24/09 00:00:00,MOYOCK,NC,1.0
20001213X32968,ATL86FA097,1986,03/22/86 00:00:00,MEMPHIS,TN,2.0
20001208X09300,FTW98FA068,1997,12/14/97 00:00:00,LITTLETON,CO,4.0
20001211X10785,CHI98FA313,1998,08/14/98 00:00:00,DEWITT,MI,1.0
20001211X15708,LAX92FA410,1992,09/30/92 00:00:00,MARTINEZ,CA,2.0
20001211X09424,FTW98GA097,1998,01/14/98 00:00:00,SPANISH FORK,UT,1.0
20001208X06867,FTW97FA014,1996,10/10/96 00:00:00,CAMERON,LA,1.0
20001213X31161,DEN87FA147,1987,06/05/87 00:00:00,CHOTEAU,MT,4.0
20001206X01147,MIA94FA125,1994,04/22/94 00:00:00,MARATHON,FL,2.0
20060111X00044,MIA06FA039,2006,01/01/06 00:00:00,GRAND RIDGE,FL,3.0
20130210X93918,WPR13FA119,2013,02/10/13 00:00:00,ACTON,CA,3.0
20001214X39669,MIA84FA166,1984,05/10/84 00:00:00,CLERMONT,FL,1.0
20060419X00461,DFW06FA102,2006,04/13/06 00:00:00,FREDERICKSBURG,TX,2.0
20001214X40592,ATL84LA263,1984,08/20/84 00:00:00,WEST HAMLIN,WV,1.0
20050302X00252,DFW05FA073,2005,02/21/05 00:00:00,GENTRY,AR,1.0
20171001X70042,CEN18FA001,2017,10/01/17 00:00:00,MIDLAND,MI,1.0
20070605X00681,MIA07FA098,2007,05/13/07 00:00:00,MOULTON,AL,1.0
20130218X22833,WPR13GA128,2013,02/18/13 00:00:00,EUREKA,NV,1.0
20001213X27450,LAX89LA073,1988,12/20/88 00:00:00,OAKLAND,CA,1.0
20001213X27828,ATL89FA116,1989,03/26/89 00:00:00,COINJOCK,NC,2.0
20100728X92614,WPR10FA371,2010,07/28/10 00:00:00,TUCSON,AZ,3.0
20060824X01238,SEA06LA162,2006,08/18/06 00:00:00,METALINE FALLS,WA,1.0
20001206X02428,FTW95FA020,1994,10/22/94 00:00:00,ARTESIA,NM,1.0
20001212X19258,FTW99FA192,1999,07/17/99 00:00:00,FRESNO,TX,3.0
20031212X02029,SEA04LA019,2003,11/20/03 00:00:00,NORDMAN,ID,1.0
20120910X05133,CEN12FA621,2012,09/10/12 00:00:00,HOUSTON,TX,2.0
20001212X19794,LAX99FA317,1999,09/25/99 00:00:00,PHOENIX,AZ,2.0
20001214X42332,ATL83FA144,1983,03/25/83 00:00:00,CENTERVILLE,TN,1.0
20001212X18052,CHI91FA294,1991,09/15/91 00:00:00,LAURIE,MO,3.0
20120826X42003,ERA12FA527,2012,08/24/12 00:00:00,ABINGDON,VA,1.0
20001214X38274,LAX86MA050,1985,11/30/85 00:00:00,SAN PEDRO,CA,1.0
20001211X10786,CHI98FA323,1998,08/20/98 00:00:00,SPENCER,IA,3.0
20020917X04518,DEN82FA182,1982,09/03/82 00:00:00,BILLINGS,MT,1.0
20081211X45825,CEN09FA086,2008,12/11/08 00:00:00,SABINE PASS,TX,5.0
20001213X30671,FTW87FA096,1987,04/15/87 00:00:00,BEN WHEELER,TX,2.0
20001211X14366,ATL92FA085,1992,04/22/92 00:00:00,ATLANTA,GA,1.0
20001214X41905,ANC83FA032,1983,01/13/83 00:00:00,CORDOVA,AK,1.0
20150701X20227,WPR15FA204,2015,07/01/15 00:00:00,ASOTIN,WA,2.0
20001214X43900,NYC83FA188,1983,07/22/83 00:00:00,BROOKLYN,NY,4.0
20020917X05047,NYC82FA230,1982,09/22/82 00:00:00,NEW YORK,NY,1.0
20001207X02893,MIA95GA062,1995,01/18/95 00:00:00,TAMPA,FL,1.0
20001207X04274,LAX95FA313,1995,08/29/95 00:00:00,JOHNSONDALE,CA,2.0
20140529X73728,ANC14FA030,2014,05/28/14 00:00:00,CHUGIAK,AK,1.0
20001213X31622,NYC87DNC06,1987,07/03/87 00:00:00,MASON,NH,1.0
20001214X36540,MKC85FA100,1985,05/09/85 00:00:00,CALWOOD,MO,2.0
20001211X09562,LAX98FA086,1998,02/11/98 00:00:00,MORGAN HILL,CA,1.0
20001213X30228,FTW87FA059,1987,02/04/87 00:00:00,ANGLETON,TX,2.0
20001212X19655,SEA99LA149,1999,08/26/99 00:00:00,BENTON CITY,WA,1.0
20100921X14612,WPR10LA464,2010,09/11/10 00:00:00,MAJURO,PO,1.0
20030616X00878,DEN03FA099,2003,06/07/03 00:00:00,SALT LAKE CITY,UT,1.0
20001206X01139,LAX94LA199,1994,04/21/94 00:00:00,BRAWLEY,CA,1.0
20001212X22756,MIA90FA081,1990,03/08/90 00:00:00,MIAMI,FL,2.0
20001208X05956,FTW96FA265,1996,06/21/96 00:00:00,SABINE PASS,TX,4.0
20120216X03340,WPR12GA106,2012,02/15/12 00:00:00,MORAN JUNCTION,WY,1.0
20001212X23512,NYC90DGM02,1990,06/22/90 00:00:00,MEADVILLE,PA,1.0
20001211X12562,CHI93LA201,1993,06/10/93 00:00:00,PHLOX,WI,1.0
20001214X43729,FTW83FA323,1983,07/08/83 00:00:00,CEDARVILLE,AR,1.0
20180115X33637,CEN18FA074,2018,01/15/18 00:00:00,PERRYSBURG,OH,2.0
20001214X38742,DEN84FA081,1984,02/01/84 00:00:00,CHESTER,MT,1.0
20081019X15543,ERA09FA022,2008,10/16/08 00:00:00,DRYDEN,NY,1.0
20001211X14307,LAX92FA137,1992,03/04/92 00:00:00,MARICOPA,AZ,1.0
20050317X00328,DFW05FA086,2005,03/10/05 00:00:00,SHELBYVILLE,TX,3.0
20070223X00214,CHI07FA069,2007,02/12/07 00:00:00,GULF OF MEXICO,GM,2.0
20001211X11654,BFO93FA019,1993,01/11/93 00:00:00,TONAWANDA,NY,2.0
20120701X53951,WPR12FA282,2012,06/30/12 00:00:00,CAMP VERDE,AZ,4.0
20040611X00786,FTW04IA147,2004,05/11/04 00:00:00,SMI-28,GM,1.0
20020917X02221,LAX82DA140,1982,04/17/82 00:00:00,8 S. OF PAGE,AZ,3.0
20160706X42741,DCA16FA199,2016,07/06/16 00:00:00,ITALY,TX,2.0
20001214X41844,MIA85FA065,1984,12/27/84 00:00:00,LA BELLE,FL,1.0
20001208X09367,NYC98LA049,1997,12/19/97 00:00:00,GETTYSBURG,OH,1.0
20110718X32318,WPR11WA332,2011,07/11/11 00:00:00,BURMA,PO,3.0
20001211X09703,LAX98GA127,1998,03/23/98 00:00:00,LOS ANGELES,CA,4.0
20001211X12932,LAX93FA281,1993,07/07/93 00:00:00,HONOLULU,HI,1.0
20031001X01630,LAX03MA292,2003,09/20/03 00:00:00,GRANDCANYONWEST,AZ,7.0
20010111X00287,FTW01FA048,2001,01/08/01 00:00:00,MINERAL WELLS,TX,1.0
20020917X03516,LAX82AA274,1982,07/23/82 00:00:00,VALENCIA,CA,3.0
20001212X22206,MIA01FA006,2000,10/16/00 00:00:00,BURLINGTON,NC,1.0
20130917X01349,WPR13FA411,2013,09/16/13 00:00:00,DETROIT,OR,1.0
20020103X00007,DEN02GA016,2001,12/27/01 00:00:00,PARK CITY,UT,3.0
20001212X20070,CHI00FA020,1999,11/01/99 00:00:00,COTTAGE GROVE,MN,2.0
20031020X01776,CHI04LA015,2003,10/18/03 00:00:00,FENTON,MI,1.0
20001214X44524,FTW83FA430,1983,09/15/83 00:00:00,GRAND CHENIER,LA,2.0
20111226X15753,ERA12MA122,2011,12/26/11 00:00:00,GREEN COVE SPRINGS,FL,3.0
20140612X31159,CEN14FA286,2014,06/11/14 00:00:00,SOUTH TIMBALIER PLATFORM,GM,2.0
20001214X37470,FTW85FA310,1985,08/08/85 00:00:00,ST. JAMES,LA,1.0
20001211X11765,ANC93FA033,1993,02/19/93 00:00:00,KETCHIKAN,AK,2.0
20001214X43901,NYC83FA189,1983,07/22/83 00:00:00,CANTON,PA,2.0
20001212X17427,ATL91FA120,1991,07/01/91 00:00:00,BLAKELY,GA,1.0
20001212X17376,SEA91FA142,1991,06/26/91 00:00:00,GOLDENDALE,WA,1.0
20100621X31143,ANC10LA053,2010,06/19/10 00:00:00,UNALASKA,AK,1.0
20060419X00458,CHI06FA110,2006,04/13/06 00:00:00,GREEN BAY,WI,1.0
20180427X55413,CEN18FA149,2018,04/26/18 00:00:00,HAZELHURST,WI,3.0
20150110X10017,ERA15FA096,2015,01/10/15 00:00:00,CATANO,PR,1.0
20050111X00037,LAX05FA056,2004,12/30/04 00:00:00,PANAMINT SPRING,CA,1.0
20001206X01169,SEA94FA096,1994,04/03/94 00:00:00,LAMOILLE,NV,4.0
20001213X30343,ANC87FA051,1987,03/17/87 00:00:00,VALDEZ,AK,1.0
20030221X00247,FTW03FA097,2003,02/16/03 00:00:00,MI 700,GM,2.0
20010928X02008,SEA01LA173,2001,09/25/01 00:00:00,BONNERS FERRY,ID,1.0
20001212X20136,MIA00FA030,1999,11/27/99 00:00:00,PHILADELPHIA,MS,2.0
20071213X01937,ANC08FA025,2007,12/03/07 00:00:00,WHITTIER,AK,4.0
20001213X31929,SEA87FA162,1987,08/12/87 00:00:00,KETCHIKAN,AK,2.0
20001213X32539,LAX88FA032,1987,11/03/87 00:00:00,MORAGA,CA,2.0
20150527X24117,WPR15LA168,2015,05/27/15 00:00:00,WASCO,CA,1.0
20031219X02066,LAX04FA067,2003,12/15/03 00:00:00,REDLANDS,CA,1.0
20001212X23968,CHI90MA244,1990,08/27/90 00:00:00,ELKHORN,WI,5.0
20001208X05597,LAX96FA177,1996,04/23/96 00:00:00,SAN DIEGO,CA,1.0
20160810X82409,CEN16FA315,2016,08/09/16 00:00:00,HOWE,TX,1.0
20001212X18337,LAX92LA030,1991,10/31/91 00:00:00,KOSRAE,GU,1.0
20020708X01056,DEN02FA065,2002,06/27/02 00:00:00,RATON,NM,2.0
20150101X15630,WPR15FA072,2014,12/31/14 00:00:00,BENSON,AZ,2.0
20071119X01805,NYC08FA026,2007,11/05/07 00:00:00,JAMESTOWN,TN,3.0
20001208X05420,LAX96FA140,1996,03/22/96 00:00:00,ONTARIO,CA,2.0
20001208X06097,SEA96FA130,1996,06/19/96 00:00:00,ELDON,WA,1.0
20140819X50947,ERA14FA396,2014,08/19/14 00:00:00,NORTHPORT,AL,2.0
20150703X00859,CEN15MA290,2015,07/03/15 00:00:00,FRISCO,CO,1.0
20001208X05655,NYC96GA083,1996,04/04/96 00:00:00,CHARLESTON,WV,2.0
20001208X06998,CHI97FA025,1996,11/11/96 00:00:00,GUTHERIE,IL,3.0
20070430X00482,CHI07FA114,2007,04/22/07 00:00:00,BASS LAKE,IN,2.0
20010110X00259,SEA86FA039,1986,01/16/86 00:00:00,HORTON,OR,1.0
20010104X00011,SEA01FA032,2000,12/28/00 00:00:00,PIERCE,ID,2.0
20001212X16772,DCA91MA031,1991,04/04/91 00:00:00,MERION,PA,7.0
20001208X07879,CHI97LA140,1997,05/21/97 00:00:00,INDIANAPOLIS,IN,1.0
20001214X44558,LAX83FA420,1983,09/04/83 00:00:00,VENTURA,CA,1.0
20001212X18121,LAX91LA391,1991,09/11/91 00:00:00,KAHULUI,HI,1.0
20001208X08741,SEA97FA196,1997,08/27/97 00:00:00,SKYKOMISH,WA,1.0
20040920X01463,FTW04TA237,2004,09/15/04 00:00:00,BEAUMONT,TX,1.0
20001212X19082,NYC99FA136,1999,06/08/99 00:00:00,ASHCAMP,KY,1.0
20001214X38388,DEN86FA054,1985,12/24/85 00:00:00,MONUMENT VALLEY,UT,1.0
20001206X02032,FTW94FA272,1994,08/18/94 00:00:00,VAN HORN,TX,2.0
20130427X30522,WPR13FA208,2013,04/27/13 00:00:00,SHEPHERD,MT,1.0
20001213X33858,FTW86FA116,1986,06/13/86 00:00:00,HOUMA,LA,1.0
20010907X01903,SEA01MA163,2001,08/31/01 00:00:00,EMIGRANT,MT,3.0
20001214X38587,LAX84FA130,1984,01/01/84 00:00:00,KAHUKU,HI,1.0
20001207X04514,LAX95FA339,1995,09/19/95 00:00:00,IRVINE,CA,1.0
20130607X04715,ERA13FA273,2013,06/06/13 00:00:00,MANCHESTER,KY,3.0
20001205X00392,SEA99LA038,1999,03/02/99 00:00:00,SHELTON,WA,1.0
20001212X17308,LAX91LA257,1991,06/09/91 00:00:00,COTTONWOOD,CA,1.0
20001211X14716,SEA92FA100,1992,05/16/92 00:00:00,YAMHILL,OR,2.0
20001212X19426,CHI99FA285,1999,08/10/99 00:00:00,CUSTER,SD,2.0
20001213X28591,LAX89FA212,1989,06/10/89 00:00:00,RAINBOW VALLEY,CA,2.0
20110501X14924,ERA11FA272,2011,04/30/11 00:00:00,INDIANA,PA,1.0
20171120X90940,CEN18FA035,2017,11/20/17 00:00:00,ELECTRA,TX,1.0
20140407X83620,WPR14FA158,2014,04/06/14 00:00:00,GREEN RIVER,UT,2.0
20001212X16901,ANC91LA058,1991,05/21/91 00:00:00,DOG FISH BAY,AK,1.0
20001213X35123,CHI87FA015,1986,11/04/86 00:00:00,BECKER,MN,1.0
20001207X02908,NYC95FA050,1995,01/18/95 00:00:00,JACKSON TWP,PA,3.0
20150308X10201,CEN15FA164,2015,03/06/15 00:00:00,ST LOUIS,MO,1.0
20001212X19085,NYC99FA157,1999,06/23/99 00:00:00,HURRICANE,WV,1.0
20001208X08109,FTW97FA208,1997,06/01/97 00:00:00,INTRACOASTL CTY,LA,1.0
20131022X92949,ERA14FA010,2013,10/22/13 00:00:00,SOMERVILLE,TN,3.0
20001211X11754,SEA93GA052,1993,01/15/93 00:00:00,CHINOOK,MT,1.0
20051003X01565,SEA05MA199,2005,09/23/05 00:00:00,HAENA,HI,3.0
20001213X31293,NYC87FA160,1987,06/03/87 00:00:00,SO. WINDSOR,CT,2.0
20001207X04591,SEA95FA214,1995,09/11/95 00:00:00,WINSLOW,WA,3.0
20001214X42536,MKC83FA076,1983,03/14/83 00:00:00,ST. LOUIS,MO,2.0
20110528X94407,WPR11FA239,2011,05/27/11 00:00:00,WEAVERVILLE,CA,1.0
20121210X32953,CEN13FA096,2012,12/10/12 00:00:00,COMPTON,IL,3.0
20001211X10342,LAX98FA211,1998,06/25/98 00:00:00,MT. WAIALEALE,HI,6.0
20140208X05221,ERA14FA115,2014,02/08/14 00:00:00,PANACEA,FL,2.0
20001212X20970,DEN00FA082,2000,05/01/00 00:00:00,BLOOMFIELD,NM,2.0
20001214X42796,NYC83FA102,1983,04/26/83 00:00:00,GETTYSBURG,PA,2.0
20021001X05251,FTW02LA264,2002,09/25/02 00:00:00,EDMONDSON,AR,1.0
20001212X22848,ATL90FA100,1990,04/20/90 00:00:00,MONCKS CORNER,SC,1.0
20030514X00663,FTW03FA145,2003,05/06/03 00:00:00,ARDMORE,OK,2.0
20011025X02148,FTW02FA017,2001,10/19/01 00:00:00,ROSWELL,NM,2.0
20001211X14096,DEN92FA034,1992,02/12/92 00:00:00,FORT COLLINS,CO,2.0
20170604X12618,CEN17FA209,2017,06/03/17 00:00:00,DIMMITT,TX,1.0
20001211X11777,ATL93FA061,1993,02/19/93 00:00:00,ATLANTA,GA,4.0
20110926X50902,CEN11FA666,2011,09/23/11 00:00:00,CURREN,MI,2.0
20001212X17690,SEA91FA184,1991,07/22/91 00:00:00,TOUTLE,WA,1.0
20040630X00886,ATL04FA141,2004,06/27/04 00:00:00,BARNESVILLE,GA,3.0
20001213X28450,ANC89FA092,1989,06/15/89 00:00:00,PUNTILLA LAKE,AK,1.0
20020917X04628,FTW82FA402,1982,09/30/82 00:00:00,PAIGE,TX,1.0
20121130X74908,ERA13FA070,2012,11/30/12 00:00:00,APOLLO BEACH,FL,1.0
20001212X22620,NYC90FA067,1990,02/10/90 00:00:00,NEW YORK CITY,NY,1.0
20001214X41551,DEN85FA027,1984,11/15/84 00:00:00,BINGHAM CANYON,UT,4.0
20080808X01192,CHI08LA211,2008,07/24/08 00:00:00,MAYVILLE,WI,1.0
20141023X01333,ERA15FA025,2014,10/23/14 00:00:00,FREDERICK,MD,3.0
20001213X34337,SEA86LA176,1986,07/22/86 00:00:00,BURBANK,WA,1.0
20001211X12657,LAX93LA261,1993,06/19/93 00:00:00,HALF MOON BAY,CA,1.0
20001211X10709,SEA98LA128,1998,07/09/98 00:00:00,RAYMOND,WA,1.0
20001211X15706,LAX92FA388,1992,09/16/92 00:00:00,HANA,HI,7.0
20100919X72723,ERA10LA488,2010,09/19/10 00:00:00,HALIFAX,MA,1.0
20001211X13627,NYC94FA014,1993,10/19/93 00:00:00,RICHFIELD,OH,1.0
20001213X35388,MIA87FA046,1986,12/09/86 00:00:00,ZEPHYRHILLS,FL,2.0
20020917X03505,FTW82FRJ10,1982,05/05/82 00:00:00,COTTONPORT,LA,1.0
20001213X27467,MKC89FA043,1988,12/22/88 00:00:00,CAPE GIRARDEAU,MO,3.0
20001212X16779,DEN91T#A01,1991,04/23/91 00:00:00,TRASKWOOD,AR,2.0
20001214X37616,NYC85LA181,1985,08/10/85 00:00:00,ALTOONA,PA,1.0
20001214X38363,CHI86FA046,1985,12/10/85 00:00:00,ADRIAN,MI,2.0
20001206X01268,FTW94FA152,1994,05/10/94 00:00:00,INTRACOASTL CTY,LA,5.0
20080520X00702,CHI08FA128,2008,05/10/08 00:00:00,LA CROSSE,WI,3.0
20001213X29865,NYC90FA029,1989,11/15/89 00:00:00,NORTH ADAMS,MA,2.0
20020917X03079,CHI82FA260,1982,07/21/82 00:00:00,NILES,OH,1.0
20110725X05443,WPR11FA350,2011,07/25/11 00:00:00,CHELAN,WA,1.0
20180130X82722,WPR18FA077,2018,01/30/18 00:00:00,NEWPORT BEACH,CA,3.0
20001213X31136,CHI87FA139,1987,06/03/87 00:00:00,DAYTON,MN,2.0
20121203X01110,CEN13LA086,2012,12/01/12 00:00:00,WALKERVILLE,MI,1.0
20090611X91250,WPR09FA284,2009,06/11/09 00:00:00,MORRISTOWN,AZ,1.0
20010226X00511,SEA01LA046,2001,02/07/01 00:00:00,DARBY,MT,1.0
20121104X05051,ERA13GA046,2012,11/03/12 00:00:00,ATLANTA,GA,2.0
20160504X30424,CEN16FA171,2016,05/04/16 00:00:00,REEDSVILLE,WI,1.0
20130102X35708,CEN13FA122,2013,01/02/13 00:00:00,CLEAR LAKE,IA,3.0
20001212X18681,ANC99TA058,1999,05/05/99 00:00:00,WRANGELL,AK,1.0
20040715X00983,CHI04FA177,2004,07/08/04 00:00:00,ROCHESTER,MN,1.0
20001213X33675,NYC86FA216,1986,05/23/86 00:00:00,NOMAN'S LAND,MA,3.0
20020917X05140,SEA83FYM02,1982,12/17/82 00:00:00,NORTH PLAINS,OR,2.0
20001212X18184,NYC91LA254,1991,09/23/91 00:00:00,POINT JUDITH,RI,1.0
20001211X11079,IAD98GA110,1998,09/25/98 00:00:00,NEWARK,TX,1.0
20001208X06380,SEA96LA165,1996,07/24/96 00:00:00,WARREN,ID,1.0
20001212X22657,ATL90FA075,1990,03/09/90 00:00:00,CROSS,SC,1.0
20001211X10290,FTW98FA256,1998,06/05/98 00:00:00,LA GLORIA,TX,3.0
20120709X83554,WPR12FA298,2012,07/09/12 00:00:00,MURRIETA,CA,1.0
20001206X02610,LAX95FA033,1994,11/11/94 00:00:00,VALENCIA,CA,1.0
20001212X21759,LAX00GA286,2000,08/03/00 00:00:00,MONTELLO,NV,1.0
20001206X02622,MIA95FA018,1994,11/04/94 00:00:00,PERRY,FL,2.0
20001213X27634,MIA89TL#02,1989,01/04/89 00:00:00,ORLANDO,FL,1.0
20001214X36145,DCA85AA020,1985,04/26/85 00:00:00,NEW YORK,NY,1.0
20010525X01016,CHI01LA145,2001,05/22/01 00:00:00,SCHOOLCRAFT,MI,1.0
20001208X09034,IAD98FA005,1997,10/12/97 00:00:00,SAGO,WV,4.0
20120901X63404,ERA12LA541,2012,09/01/12 00:00:00,MCVEYTOWN,PA,1.0
20001213X34539,LAX86MA311,1986,08/03/86 00:00:00,ALAMO,CA,2.0
20001214X37011,CHI85FA301,1985,07/20/85 00:00:00,BROOK,IN,1.0
20001211X13716,CHI94GA038,1993,11/19/93 00:00:00,ANTONIA,MO,1.0
20001212X19083,NYC99FA140,1999,06/14/99 00:00:00,JACKSON,KY,4.0
20020917X04814,LAX83FUJ02,1982,10/23/82 00:00:00,ELOY,AZ,1.0
20001213X32873,LAX86FA130,1986,02/28/86 00:00:00,ONTARIO,CA,2.0
20001211X13940,BFO92FA022,1992,01/15/92 00:00:00,EDISON,NJ,1.0
20001207X03277,FTW95FA181,1995,04/25/95 00:00:00,ARDMORE,OK,2.0
20050718X01046,LAX05GA231,2005,07/13/05 00:00:00,FAIR OAKS,CA,2.0
20060208X00181,SEA06LA052,2006,02/06/06 00:00:00,HELENA,MT,1.0
20001213X34016,NYC86MA148,1986,06/06/86 00:00:00,SUTTON,MA,4.0
20130403X65155,ERA13FA186,2013,04/03/13 00:00:00,MIAMI,FL,2.0
20060228X00255,ANC06FA020,2006,02/22/06 00:00:00,SCOTTSDALE,AZ,2.0
20001206X00756,LAX94FA130,1994,02/21/94 00:00:00,WALNUT CREEK,CA,3.0
20080909X01417,CHI08FA269,2008,08/31/08 00:00:00,GREENSBURG,IN,3.0
20001213X35310,ATL87MA035,1986,12/03/86 00:00:00,JAMESTOWN,TN,4.0
20030204X00160,CHI03FA060,2003,01/28/03 00:00:00,WEST CHICAGO,IL,1.0
20001214X36936,SEA85LA151,1985,06/25/85 00:00:00,HOQUIAM,WA,1.0
20001207X05018,LAX96FA076,1995,12/20/95 00:00:00,FEATHER FALLS,CA,1.0
20001212X17917,LAX91LA377,1991,08/31/91 00:00:00,COLEVILLE,CA,1.0
20020917X03457,FTW82FPG11,1982,05/08/82 00:00:00,AMAGON,AR,1.0
20001211X12472,SEA93LA105,1993,05/12/93 00:00:00,ANATONE,WA,1.0
20111130X25004,CEN12FA091,2011,11/24/11 00:00:00,HACKENSACK,MN,1.0
20001206X01866,SEA94GA203,1994,07/30/94 00:00:00,DUCHESNE,UT,1.0
20001211X09500,SEA98LA033,1998,01/31/98 00:00:00,STAYTON,OR,2.0
20001213X27029,DEN89FA019,1988,10/19/88 00:00:00,DECKERS,CO,2.0
20001211X12018,LAX93T#A02,1993,03/30/93 00:00:00,TOPANGA,CA,1.0
20001212X20171,SEA00FA014,1999,11/02/99 00:00:00,PENDLETON,OR,1.0
20001212X18648,NYC92FA044,1991,12/09/91 00:00:00,DE RUYTER,NY,3.0
20101103X83727,CEN11FA053,2010,11/03/10 00:00:00,MEEKER,CO,1.0
20001213X31952,ANC87FA137,1987,09/05/87 00:00:00,ANCHORAGE,AK,1.0
20170525X33813,ERA17FA190,2017,05/25/17 00:00:00,NEW CASTLE,DE,1.0
20001214X35535,LAX85FA115,1985,01/18/85 00:00:00,NEWHALL,CA,1.0
20001213X28110,LAX89FA165,1989,04/20/89 00:00:00,STOCKTON,CA,2.0
20030630X00972,LAX03LA160,2003,05/22/03 00:00:00,KAHOOLAWE,HI,1.0
20150116X65836,CEN15LA104,2015,01/16/15 00:00:00,THE WOODLANDS,TX,1.0
20001214X41878,NYC85FA048,1984,12/22/84 00:00:00,ELLINGTON,CT,2.0
20020917X01653,ANC82FA035,1982,04/15/82 00:00:00,NEAR SAVOONGA,AK,2.0
20020529X00761,SEA02FA085,2002,05/23/02 00:00:00,MERLIN,OR,2.0
20001212X23076,ATL90TL#02,1990,05/30/90 00:00:00,BRANTLEY,AL,1.0
20001207X04992,FTW96FA060,1995,12/05/95 00:00:00,THIBODAUX,LA,1.0
20131206X95526,ERA14FA066,2013,12/06/13 00:00:00,SEBRING,FL,1.0
20150330X73700,ERA15FA173,2015,03/30/15 00:00:00,SAUCIER,MS,2.0
20001212X24267,FTW90FA178,1990,09/12/90 00:00:00,PORT O'CONNOR,TX,1.0
20140518X03315,WPR14FA195,2014,05/18/14 00:00:00,PEACH SPRINGS,AZ,1.0
20001214X36349,ATL85FA170,1985,05/20/85 00:00:00,DULUTH,GA,2.0
20020917X02147,FTW82FRG27,1982,03/26/82 00:00:00,AUSTIN,TX,1.0
20020917X01753,ATL82FKQ12,1982,04/27/82 00:00:00,MAGEE,MS,1.0
20170710X10920,FTW92FA224,1992,09/05/92 00:00:00,ALPINE,TX,1.0
20020917X02098,FTW82FA071,1982,02/26/82 00:00:00,SAN MARCOS,TX,1.0
20001212X20042,NYC00LA022,1999,10/30/99 00:00:00,MILAN,NH,1.0
20001208X08894,MIA97FA248,1997,09/19/97 00:00:00,SALUDA,SC,2.0
20001207X03807,SEA95LA110,1995,06/01/95 00:00:00,UMPQUA,OR,1.0
20001211X12129,FTW93FA137,1993,04/23/93 00:00:00,AUSTIN,TX,2.0
20150128X02848,CEN15FA126,2015,01/26/15 00:00:00,ERIE,CO,2.0
20020917X03218,DEN82FTC09,1982,08/08/82 00:00:00,KAYCEE,WY,1.0
20001206X01729,FTW94FA224,1994,07/09/94 00:00:00,GRANITE,CO,2.0
20140723X81618,WPR14FA310,2014,07/23/14 00:00:00,WENATCHEE,WA,1.0
20030701X00975,CHI03FA181,2003,06/25/03 00:00:00,COLETA,IL,3.0
20050927X01538,LAX05FA311,2005,09/20/05 00:00:00,BAKER,CA,1.0
20001212X23286,SEA90LA081,1990,05/21/90 00:00:00,KELSO,WA,1.0
20010522X00993,SEA01FA089,2001,05/11/01 00:00:00,GORST,WA,2.0
20001205X00318,FTW99FA100,1999,03/26/99 00:00:00,HOUSTON,TX,2.0
20001212X24624,LAX91FA037,1990,11/23/90 00:00:00,SIMI VALLEY,CA,1.0
20121115X43423,ERA13LA057,2012,11/15/12 00:00:00,CORNING,NY,2.0
20040913X01406,NYC04FA197,2004,08/29/04 00:00:00,NORTHPORT,NY,2.0
20001211X14108,FTW92FA077,1992,02/29/92 00:00:00,MORGAN CITY,LA,1.0
20001213X29968,LAX90FA060,1989,12/29/89 00:00:00,SANTA ROSA,CA,1.0
20081217X81906,WPR09LA057,2008,12/17/08 00:00:00,SANTA CLARITA,CA,1.0
20001212X18906,ANC99FA073,1999,06/09/99 00:00:00,JUNEAU,AK,7.0
20001213X30040,ATL87MA057,1987,01/08/87 00:00:00,POLLOCKVILLE,NC,4.0
20001206X01950,BFO94FA135,1994,08/12/94 00:00:00,WHITING,NJ,3.0
20060824X01237,SEA06GA158,2006,08/13/06 00:00:00,YELLOW PINE,ID,4.0
20001214X36448,FTW85FA207,1985,05/05/85 00:00:00,SAN ANGELO,TX,2.0
20010320X00611,DEN01FA058,2001,02/28/01 00:00:00,GRAND JUNCTION,CO,1.0
20060916X01352,LAX06LA288,2006,09/06/06 00:00:00,SOMIS,CA,2.0
20001208X07748,LAX97LA150,1997,04/16/97 00:00:00,"LIHUE, KAUAI",HI,1.0
20001212X20685,MIA00FA102,2000,03/03/00 00:00:00,MIAMI,FL,2.0
20010327X00654,FTW01LA081,2001,03/20/01 00:00:00,EC 270,GM,1.0
20051003X01564,CHI05FA274,2005,09/24/05 00:00:00,DRUMMOND,WI,3.0
20001211X14765,ATL92GA121,1992,06/07/92 00:00:00,SUMMERVILLE,SC,2.0
20001211X12342,CHI93FA182,1993,05/27/93 00:00:00,CAMERON,MO,2.0
20001212X24270,FTW90FA183,1990,09/17/90 00:00:00,KINGSVILLE,TX,1.0
20001213X32380,MIA88FA006,1987,10/10/87 00:00:00,PLYMOUTH,FL,1.0
20021126X05533,IAD03LA012,2002,11/08/02 00:00:00,EAST HAMPTON,NY,1.0
20001206X01039,BFO94FA071,1994,04/22/94 00:00:00,BLUEFIELD,VA,4.0
20040720X01007,CHI04MA182,2004,07/13/04 00:00:00,NEWBERRY,SC,4.0
20040514X00605,SEA04LA082,2004,05/12/04 00:00:00,WEST FORK,OR,1.0
20020917X03208,DEN82FA148,1982,07/29/82 00:00:00,MEDORA,ND,1.0
20001211X14053,ANC92FA040,1992,02/23/92 00:00:00,HOBART BAY,AK,6.0
20001206X01763,FTW94MA235,1994,07/14/94 00:00:00,HANALEI,HI,3.0
20001213X30855,ATL87FA147,1987,05/24/87 00:00:00,SPARTANBURG,SC,1.0
20100705X12909,ERA10LA348,2010,07/05/10 00:00:00,MARION,KY,1.0
20001214X36887,NYC85FA145,1985,06/11/85 00:00:00,BELMAR,NJ,1.0
20001213X26926,SEA88FA176,1988,09/09/88 00:00:00,ENTIAT,WA,2.0
20030612X00866,IAD03FA056,2003,06/03/03 00:00:00,MONTPELIER,VA,2.0
20040426X00513,CHI04FA107,2004,04/20/04 00:00:00,BOONVILLE,IN,1.0
20001208X06130,ANC96FA099,1996,07/15/96 00:00:00,ANCHORAGE,AK,1.0
20001212X22415,FTW90FA051,1990,01/11/90 00:00:00,SAN DIEGO,TX,1.0
20001206X00635,LAX94FA106,1994,01/28/94 00:00:00,SAN JOSE,CA,1.0
20060425X00485,NYC06FA100,2006,04/20/06 00:00:00,EAST HANOVER TW,PA,2.0
20001211X15431,LAX92GA347,1992,08/12/92 00:00:00,MAXWELL,CA,1.0
20120119X92431,CEN12FA139,2012,01/19/12 00:00:00,CENTERVILLE,LA,2.0
20150702X24434,WPR15FA205,2015,07/01/15 00:00:00,NEWBERG,OR,2.0
20140812X50722,CEN14LA423,2014,08/12/14 00:00:00,MANSFIELD,IL,1.0
20001212X22875,CHI90FA118,1990,04/28/90 00:00:00,SOUTHFIELD,MI,1.0
20001214X42973,FTW83FA251,1983,05/28/83 00:00:00,OPELOUSAS,LA,1.0
20001212X21287,MIA00GA184,2000,06/04/00 00:00:00,FORT MYERS,FL,1.0
20011219X02422,CHI02FA049,2001,12/12/01 00:00:00,WAUKESHA,WI,1.0
20001211X12950,LAX93LA288,1993,07/12/93 00:00:00,WEIMAR,CA,2.0
20001212X19976,LAX00GA025,1999,10/25/99 00:00:00,SAN JOSE,CA,2.0
20001212X18461,LAX92FA054,1991,11/27/91 00:00:00,BRIDGEPORT,CA,4.0
20001212X18798,LAX99FA200,1999,05/28/99 00:00:00,HUNTINGTON BCH,CA,3.0
20080321X00357,NYC08FA134,2008,03/13/08 00:00:00,WILMINGTON,NC,1.0
20081014X22933,WPR09TA012,2008,10/13/08 00:00:00,SEDONA,AZ,1.0
20180311X13013,ERA18MA099,2018,03/11/18 00:00:00,NEW YORK,NY,5.0
20001212X16603,FTW91LA048,1991,03/07/91 00:00:00,HIGH ISLAND,TX,1.0
20130728X45845,ERA13FA336,2013,07/27/13 00:00:00,NOXEN,PA,5.0
20070614X00729,MIA07LA102,2007,05/27/07 00:00:00,HAYDEN,AL,1.0
20011030X02163,ATL02FA003,2001,10/22/01 00:00:00,N. WILKESBORO,NC,2.0
20001206X00656,MIA94FA053,1994,01/15/94 00:00:00,ARCADIA,FL,1.0
20001208X08524,ANC97GA126,1997,08/20/97 00:00:00,DILLINGHAM,AK,1.0
20001206X02694,CHI95FA050,1994,12/01/94 00:00:00,ANN ARBOR,MI,3.0
20150313X72113,CEN15FA171,2015,03/12/15 00:00:00,EUFAULA,OK,1.0
20001212X20690,MIA00GA121,2000,03/27/00 00:00:00,DEL RIO,TX,2.0
20131007X44153,WPR14LA008,2013,10/06/13 00:00:00,PADUCAH,TX,1.0
20130831X54252,CEN13FA517,2013,08/31/13 00:00:00,CABALLO,NM,3.0
20090522X74730,WPR09LA253,2009,05/22/09 00:00:00,ROCK SPRINGS,AZ,2.0
20001214X35596,NYC85FA052,1985,01/04/85 00:00:00,NEWARK,NJ,1.0
20001213X35064,NYC87MA024,1986,10/22/86 00:00:00,MANHATTAN,NY,1.0
20101030X30541,ERA11FA042,2010,10/30/10 00:00:00,THOMAS,WV,1.0
20151211X13514,WPR16FA037,2015,12/10/15 00:00:00,MCFARLAND,CA,4.0
20001213X32944,SEA86FA056,1986,02/10/86 00:00:00,COUGAR,WA,3.0
20121128X12341,CEN13FA075,2012,11/27/12 00:00:00,CHILDRESS,TX,1.0
20001207X03189,SEA95FA064,1995,03/07/95 00:00:00,LAKECREEK,OR,1.0
20020927X05236,CHI02FA288,2002,09/09/02 00:00:00,DOLAND,SD,4.0
20001211X10621,LAX98FA236,1998,07/18/98 00:00:00,YUCCA VALLEY,CA,3.0
20001212X17571,LAX91FA288,1991,07/05/91 00:00:00,PHOENIX,AZ,1.0
20001212X20863,LAX00LA172,2000,04/26/00 00:00:00,SAN DIEGO,CA,1.0
20061122X01705,SEA07LA021,2006,11/21/06 00:00:00,JENSEN,UT,1.0
20001214X40609,CHI84FA348,1984,08/16/84 00:00:00,MEDFORD,MN,1.0
20001212X18117,LAX91LA387,1991,09/07/91 00:00:00,PHOENIX,AZ,1.0
20170421X84716,ERA17FA164,2017,04/21/17 00:00:00,TIMMONSVILLE,SC,1.0
20100831X75841,CEN10FA509,2010,08/31/10 00:00:00,WALNUT GROVE,AR,3.0
20100602X63138,CEN10FA291,2010,06/02/10 00:00:00,MIDLOTHIAN,TX,2.0
20160328X03918,ERA16FA143,2016,03/27/16 00:00:00,CANADENSIS,PA,1.0
20020917X02862,ATL82FIJ01,1982,05/09/82 00:00:00,ATHENS,WV,1.0
20001208X07806,NYC97FA076,1997,04/15/97 00:00:00,NEW YORK,NY,1.0
20020918X05173,LAX02FA276,2002,09/07/02 00:00:00,NIPTON,CA,3.0
20130619X05459,CEN13FA357,2013,06/19/13 00:00:00,MAPLEWOOD,MN,1.0
20001212X20758,ATL00FA048,2000,04/25/00 00:00:00,ST. PETERSBURG,FL,3.0
20001212X20971,DEN00FA084,2000,05/04/00 00:00:00,BLANDING,UT,3.0
20010801X01580,CHI01LA243,2001,07/26/01 00:00:00,WHEELER,WI,1.0
20001208X08030,SEA97LA117,1997,05/21/97 00:00:00,MILTONFREEWATER,OR,1.0
20001208X07324,MIA97FA070,1997,01/23/97 00:00:00,FORT LAUDERDALE,FL,4.0
20001205X00485,LAX99FA137,1999,04/03/99 00:00:00,INDIAN SPRINGS,NV,3.0
20020917X02228,LAX82DA147,1982,04/24/82 00:00:00,GOLD STRIKE,NV,1.0
20070322X00320,CHI07MA083,2007,03/11/07 00:00:00,HAENA,HI,1.0
20001206X00975,NYC94GA066,1994,03/19/94 00:00:00,NORTHFORD,CT,1.0
20060306X00268,LAX06LA123,2006,02/25/06 00:00:00,VALENCIA,CA,1.0
20001208X05161,LAX96LA093,1996,01/11/96 00:00:00,POPE VALLEY,CA,1.0
20001214X39682,MKC84FA147,1984,05/27/84 00:00:00,KEARNEY,NE,1.0
20071231X02014,DFW08FA053,2007,12/29/07 00:00:00,VENICE,LA,1.0
20120529X90616,CEN12FA321,2012,05/28/12 00:00:00,GULF OF MEXICO,,1.0
20080505X00592,DFW08LA122,2008,04/28/08 00:00:00,BARTLETT,TX,1.0
20090920X34134,WPR09FA459,2009,09/20/09 00:00:00,FOREST GROVE,OR,2.0
20001211X10412,SEA98FA084,1998,06/02/98 00:00:00,SHOSHONE,ID,1.0
20001214X35445,ANC85FA036,1985,01/10/85 00:00:00,KENAI,AK,1.0
20001214X44195,LAX83FA395,1983,08/20/83 00:00:00,SHAVER LAKE,CA,2.0
20001212X20660,LAX00FA134,2000,03/24/00 00:00:00,RIALTO,CA,1.0
20080710X01015,LAX08LA213,2008,07/04/08 00:00:00,SUNOL,CA,2.0
20001211X13480,SEA93LA196,1993,09/10/93 00:00:00,OGDEN,UT,1.0
20161006X22914,CEN17FA012,2016,10/06/16 00:00:00,LINO LAKES,MN,2.0
20010626X01256,IAD01FA066,2001,06/07/01 00:00:00,PERRY,WV,1.0
20001212X21275,LAX00LA239,2000,06/23/00 00:00:00,ARBUCKLE,CA,1.0
20001207X03274,FTW95FA151,1995,04/01/95 00:00:00,FLOWER MOUND,TX,1.0
20001206X01556,LAX94LA236,1994,06/02/94 00:00:00,BECKWOURTH,CA,1.0
20080529X00752,DEN08FA092,2008,05/25/08 00:00:00,SUNRISE BEACH,MO,1.0
20001212X21168,CHI00GA160,2000,06/13/00 00:00:00,TOPEKA,KS,2.0
20020808X01330,DEN02GA085,2002,07/30/02 00:00:00,ESTES PARK,CO,1.0
20030730X01223,SEA03GA153,2003,07/25/03 00:00:00,KELLER,WA,1.0
20020917X04646,FTW83FA066,1982,12/23/82 00:00:00,SAN ANTONIO,TX,3.0
20001214X41423,LAX85MA012,1984,10/10/84 00:00:00,RIVERSIDE,CA,3.0
20001214X43780,LAX83FA362,1983,07/28/83 00:00:00,PORTERVILLE,CA,2.0
20001213X27602,LAX89FA092,1989,01/22/89 00:00:00,SANTA BARBARA,CA,2.0
20001214X42653,DEN83FA092,1983,04/11/83 00:00:00,SALT LAKE CITY,UT,1.0
20150322X92548,ERA15FA164,2015,03/22/15 00:00:00,ORLANDO,FL,3.0
20160218X71040,WPR16FA072,2016,02/18/16 00:00:00,HONOLULU,HI,1.0
20101114X90431,CEN11LA067,2010,11/14/10 00:00:00,POST,TX,1.0
20001214X41186,NYC84FA307,1984,09/08/84 00:00:00,WALLINGFORD,CT,4.0
20100214X92140,WPR10FA133,2010,02/14/10 00:00:00,CAVE CREEK,AZ,5.0
20001212X22284,FTW01FA021,2000,11/16/00 00:00:00,HOUSTON,TX,1.0
20060607X00691,NYC06MA131,2006,05/30/06 00:00:00,WASHINGTON,DC,1.0
20001208X07172,IAD97FA032,1996,12/12/96 00:00:00,PENN YAN,NY,3.0
20001212X23699,FTW90GA146,1990,07/26/90 00:00:00,TAHLEQUAH,OK,1.0
20001212X20381,LAX00GA073,2000,01/11/00 00:00:00,CROWS LANDING,CA,2.0
20001214X35715,LAX85FA136,1985,02/05/85 00:00:00,HILO,HI,1.0
20001207X04764,NYC96FA003,1995,10/06/95 00:00:00,QUAKERTOWN,PA,2.0
20130921X71327,WPR13FA417,2013,09/21/13 00:00:00,CORDES LAKES,AZ,2.0
20020917X04529,DEN83AA033,1982,12/07/82 00:00:00,LARKSPUR,CO,2.0
20050210X00170,MIA05FA055,2005,02/05/05 00:00:00,BONIFAY,FL,1.0
20001211X09996,CHI98FA159,1998,05/18/98 00:00:00,ARLINGTON HGTS,IL,4.0
20060419X00457,CHI06FA109,2006,04/13/06 00:00:00,CHELSEA,MI,2.0
20020917X02096,FTW82FA041,1982,01/16/82 00:00:00,HOUMA,LA,1.0
20100526X84456,ERA10FA283,2010,05/26/10 00:00:00,BOXBOROUGH,MA,1.0
20060327X00354,SEA06FA067,2006,03/17/06 00:00:00,DAYVILLE,OR,1.0
20170207X10319,CEN17FA100,2017,02/06/17 00:00:00,GALVESTON,TX,1.0
20141202X73240,WPR15FA051,2014,12/02/14 00:00:00,BOUNTIFUL,UT,2.0
20001211X12256,ANC93FA056,1993,05/02/93 00:00:00,COPPER HARBOR,AK,1.0
20070530X00664,DFW07GA119,2007,05/22/07 00:00:00,SAN ELIZARIO,TX,1.0
20040202X00141,FTW04FA029,2003,12/01/03 00:00:00,HIGH ISLAND 573,GM,1.0
20001212X16696,SEA91FA075,1991,03/31/91 00:00:00,SEATTLE,WA,1.0
20020322X00384,LAX02FA114,2002,03/21/02 00:00:00,SUSANVILLE,CA,1.0
20001212X21095,NYC00FA136,2000,05/16/00 00:00:00,FRENCHVILLE,PA,1.0
20001211X14555,ATL92FA096,1992,05/06/92 00:00:00,MT. PLEASANT,TN,2.0
20001213X27186,ATL89FA035,1988,11/14/88 00:00:00,MOHAWK,TN,2.0
20001213X29473,NYC89FA220,1989,09/20/89 00:00:00,TUCKERTON,NJ,1.0
20001208X06970,SEA97FA016,1996,10/19/96 00:00:00,HALSEY,OR,1.0
20001213X33699,SEA86FA137,1986,05/31/86 00:00:00,WENATCHEE,WA,1.0
20040629X00884,LAX04LA249,2004,06/24/04 00:00:00,MESA,AZ,1.0
20040811X01199,CHI04FA214,2004,08/06/04 00:00:00,PRAIRIE DU SAC,WI,2.0
20001206X01731,FTW94FA231,1994,07/13/94 00:00:00,GALVESTON,TX,4.0
20010216X00461,MIA01FA075,2001,02/11/01 00:00:00,ARCHER,FL,2.0
20020917X02105,FTW82FA132,1982,04/16/82 00:00:00,HINTON,OK,3.0
20001214X40084,NYC84FA214,1984,06/19/84 00:00:00,ISLAND BEACH,NJ,3.0
20160906X60042,ERA16FA311,2016,09/06/16 00:00:00,PALM BAY,FL,3.0
20011120X02275,LAX02FA020,2001,11/04/01 00:00:00,ESCONDIDO,CA,2.0
20001213X28179,NYC89FA129,1989,04/28/89 00:00:00,HERKIMER,NY,1.0
20091114X82100,WPR10FA055,2009,11/14/09 00:00:00,DOYLE,CA,3.0
20171017X22730,WPR18LA010,2017,10/16/17 00:00:00,MOLOKAI,HI,2.0
20001208X05886,ANC96FA081,1996,06/03/96 00:00:00,MEKORYUK,AK,1.0
20001213X35045,NYC87FA025,1986,10/29/86 00:00:00,BRATTLEBORO,VT,1.0
20001208X05222,CHI96FA088,1996,02/10/96 00:00:00,PELLSTON,MI,1.0
20001208X08415,LAX97GA235,1997,07/06/97 00:00:00,HIGHLAND,CA,1.0
20051116X01844,DFW06LA027,2005,11/05/05 00:00:00,WEST MEMPHIS,AR,1.0
20001214X40262,DEN84FA207,1984,07/02/84 00:00:00,ENGLEWOOD,CO,2.0
20030807X01277,LAX03GA244,2003,07/26/03 00:00:00,WHITERIVER,AZ,2.0
20001206X01486,CHI94FA202,1994,06/15/94 00:00:00,BALDWIN,IL,2.0
20070226X00225,ATL07LA045,2007,02/24/07 00:00:00,BETHLEHEM,GA,2.0
20020401X00432,LAX02FA116,2002,03/26/02 00:00:00,LAKEHEAD,CA,1.0
20020702X01040,ANC02FA057,2002,06/21/02 00:00:00,CENTRAL,AK,1.0
20001212X21657,CHI00FA262,2000,08/18/00 00:00:00,WATERTOWN,WI,2.0
20001214X36910,SEA85FA134,1985,06/11/85 00:00:00,JUNEAU,AK,1.0
20070405X00374,DEN07FA079,2007,03/27/07 00:00:00,PONTE VEDRA BCH,FL,2.0
20001213X34694,ATL86FA264,1986,09/23/86 00:00:00,GALAX,VA,3.0
20001213X33585,LAX86FJA06,1986,05/18/86 00:00:00,MAUI,HI,2.0
20001211X14306,LAX92FA136,1992,03/04/92 00:00:00,FT. GRANT,AZ,2.0
20001214X40891,NYC84MA270,1984,08/11/84 00:00:00,FORT DIX,NJ,1.0
20020626X00978,SEA02FA108,2002,06/21/02 00:00:00,CLARK FORK,ID,1.0
20020329X00422,FTW02FA099,2002,03/23/02 00:00:00,EUGENE ISLD 188,GM,1.0
20001208X07963,LAX97LA197,1997,05/31/97 00:00:00,PHOENIX,AZ,1.0
20001212X24202,BFO90FA079,1990,09/25/90 00:00:00,JEFFERSON,MD,1.0
20150428X84204,CEN15FA210,2015,04/27/15 00:00:00,AUSTIN,TX,1.0
20001213X27101,LAX89LA028,1988,10/30/88 00:00:00,LOWER LAKE,CA,1.0
20001206X02173,ATL94FA179,1994,09/28/94 00:00:00,KNIGHTDALE,NC,1.0
20061220X01815,LAX07FA056,2006,12/10/06 00:00:00,HESPERIA,CA,3.0
20001214X36387,CHI85FA198,1985,05/16/85 00:00:00,BURLINGTON,MI,1.0
20100306X05331,CEN10FA139,2010,03/06/10 00:00:00,COTULLA,TX,2.0
20001205X00193,LAX99LA108,1999,02/21/99 00:00:00,GLENN,CA,1.0
20180520X40635,CEN18FA182,2018,05/20/18 00:00:00,LULING,LA,1.0
20001214X38101,MKC86FA020,1985,10/31/85 00:00:00,MANSFIELD,MO,1.0
20001211X11437,IAD99GA013,1998,11/04/98 00:00:00,BALTIMORE,MD,1.0
20001212X20910,SEA00FA061,2000,04/02/00 00:00:00,STANWOOD,WA,1.0
20030630X00970,LAX03FA200,2003,06/15/03 00:00:00,VOLCANO,HI,4.0
20001211X14417,FTW92FA112,1992,04/09/92 00:00:00,VENICE,LA,2.0
20130315X34542,CEN13FA192,2013,03/15/13 00:00:00,GRAND LAKE,LA,3.0
20001212X22205,MIA01FA004,2000,10/14/00 00:00:00,PEMBROKE PINES,FL,2.0
20001214X41702,ATL85FA067,1984,12/25/84 00:00:00,HUNTSVILLE,AL,2.0
20020917X04486,CHI83LA062,1982,12/18/82 00:00:00,SANDWICH,IL,1.0
20100717X71900,WPR10LA354,2010,07/16/10 00:00:00,SALT LAKE CITY,UT,1.0
20050628X00887,IAD05LA080,2005,06/19/05 00:00:00,HAMMONTON,NJ,2.0
20180408X85603,ERA18FA122,2018,04/08/18 00:00:00,SMETHPORT,PA,2.0
20150620X32952,WPR15LA193,2015,06/20/15 00:00:00,SALINAS,CA,1.0
20001206X01819,NYC94FA119,1994,07/11/94 00:00:00,KIPTOPEKA,VA,1.0
20031017X01771,SEA04LA005,2003,10/14/03 00:00:00,SWISSHOME,OR,2.0
20001212X20956,CHI00LA135,2000,05/13/00 00:00:00,ITHACA,MI,1.0
20030426X00576,LAX03FA134,2003,04/10/03 00:00:00,AUBURN,CA,2.0
20001214X41971,DEN83FA049,1983,01/15/83 00:00:00,SISSETON,SD,1.0
20020531X00796,LAX02FA173,2002,05/22/02 00:00:00,MAMMOTH LAKES,CA,2.0
20001213X29094,DEN89FA202,1989,08/27/89 00:00:00,BLANCHARD,ID,4.0
20011026X02149,MIA02GA011,2001,10/22/01 00:00:00,BARTOW,FL,2.0
20141229X15321,ERA15FA085,2014,12/29/14 00:00:00,LAKE WORTH,FL,1.0
20110726X03343,CEN11FA507,2011,07/25/11 00:00:00,WILTON,IA,1.0
20001207X04683,FTW96FA028,1995,10/26/95 00:00:00,LEAGUE CITY,TX,2.0
20030729X01216,SEA03FA148,2003,07/22/03 00:00:00,TULALIP,WA,1.0
20040630X00890,FTW04FA167,2004,06/26/04 00:00:00,CUSHING,OK,2.0
20001211X12110,DEN93FA038,1993,04/01/93 00:00:00,ASPEN,CO,3.0
20040831X01336,SEA04MA167,2004,08/21/04 00:00:00,BATTLE MOUNTAIN,NV,5.0
20001211X12448,MIA93FA121,1993,05/16/93 00:00:00,PARKER,FL,2.0
20090309X04818,CEN09FA193,2009,03/08/09 00:00:00,MOUNDRIDGE,KS,1.0
20001213X35336,CHI87MA053,1986,12/10/86 00:00:00,CROSS PLAINES,IN,2.0
20001213X26667,NYC88DGM01,1988,08/04/88 00:00:00,LOVELY,PA,1.0
20081013X24743,CEN09FA012,2008,10/13/08 00:00:00,CONROE,TX,2.0
20170105X41106,WPR17FA047,2017,01/04/17 00:00:00,SAN PEDRO,CA,2.0
20100206X10511,CEN10FA113,2010,02/05/10 00:00:00,EL PASO,TX,3.0
20060705X00868,CHI06FA173,2006,06/30/06 00:00:00,WALFORD,IA,1.0
20001211X11545,DEN99FA024,1998,12/04/98 00:00:00,DEMING,NM,1.0
20001213X31868,MIA87FA236,1987,08/31/87 00:00:00,OPA LOCKA,FL,1.0
20020917X02542,NYC82FA053,1982,03/12/82 00:00:00,SPANGLER,PA,1.0
20070321X00315,NYC07MA073,2007,03/08/07 00:00:00,PRINCEVILLE,HI,4.0
20020917X04279,ATL82FA285,1982,09/25/82 00:00:00,NASHVILLE,TN,2.0
20020917X05130,SEA83FA009,1982,10/14/82 00:00:00,CASCADE,ID,2.0
20081104X60811,ERA09FA036,2008,11/02/08 00:00:00,GALLATIN,TN,1.0
20001213X25665,DEN88FA106,1988,05/07/88 00:00:00,CORTEZ,CO,1.0
20001214X41655,MKC85LA029,1984,11/28/84 00:00:00,STORM LAKE,IA,1.0
20020917X02654,ANC82DA062,1982,07/28/82 00:00:00,NEAR BORNITE,AK,1.0
20001214X37972,CHI86FA017,1985,10/27/85 00:00:00,PLAINFIELD,WI,1.0
20001212X21281,LAX00LA245,2000,06/29/00 00:00:00,LIVE OAK,CA,1.0
20001211X09660,FTW98FA156,1998,03/24/98 00:00:00,RIO HONDO,TX,2.0
20001212X24612,FTW91FA016,1990,11/19/90 00:00:00,CAMERON,LA,1.0
20001212X17623,LAX91TF#09,1991,07/24/91 00:00:00,MERCURY,NV,6.0
20081016X94016,CEN09MA019,2008,10/15/08 00:00:00,AURORA,IL,4.0
20001212X22659,ATL90FA089,1990,03/31/90 00:00:00,SODDY-DAISY,TN,1.0
20010807X01619,CHI01FA257,2001,08/04/01 00:00:00,WATERLOO,IN,2.0
20001213X28250,BFO89FA033,1989,05/22/89 00:00:00,OLDTOWN,MD,2.0
20080820X01266,LAX08PA259,2008,08/05/08 00:00:00,WEAVERVILLE,CA,9.0
20001212X24304,LAX90LA319,1990,09/08/90 00:00:00,LONG BEACH,CA,1.0
20060817X01202,SEA06FA159,2006,08/13/06 00:00:00,WARRENTON,OR,3.0
20050111X00036,ATL05FA038,2005,01/05/05 00:00:00,FALKNER,MS,1.0
20030826X01403,CHI03FA259,2003,08/13/03 00:00:00,E.I. 276,LA,3.0
20001206X01493,CHI94LA191,1994,06/23/94 00:00:00,WATERTOWN,SD,1.0
20001213X35106,ATL87MA028,1986,11/25/86 00:00:00,CINCINNATI,OH,2.0
20020917X03075,CHI82FA234,1982,07/04/82 00:00:00,KANKAKEE,IL,1.0
20170908X24535,ERA17FA316,2017,09/08/17 00:00:00,HERTFORD,NC,4.0
20001213X34797,LAX86DVA17,1986,09/29/86 00:00:00,VISALIA,CA,1.0
20001211X14028,MIA92FA072,1992,01/30/92 00:00:00,MALABAR,FL,2.0
20001214X36777,FTW85FA265,1985,06/26/85 00:00:00,DALLAS,TX,1.0
20160711X32921,ERA16FA248,2016,07/11/16 00:00:00,HICKORY,KY,1.0
20100831X45241,WPR10FA440,2010,08/31/10 00:00:00,KAMIAH,ID,3.0
20050817X01264,LAX05FA264,2005,08/10/05 00:00:00,LANCASTER,CA,1.0
20020917X01654,ANC82FA036,1982,04/11/82 00:00:00,NEAR TANANA,AK,3.0
20160804X45514,CEN16FA304,2016,08/03/16 00:00:00,JEANERETTE,LA,1.0
20001214X43732,FTW83FA343,1983,07/20/83 00:00:00,HOUSTON,TX,1.0
20110827X00428,CEN11FA599,2011,08/26/11 00:00:00,MOSBY,MO,4.0
20001213X34974,LAX87FA017,1986,10/16/86 00:00:00,LOMPOC,CA,2.0
20060320X00323,DFW06FA083,2006,03/14/06 00:00:00,PATTERSON,LA,2.0
20001212X18711,CHI99GA155,1999,05/17/99 00:00:00,POPLAR BLUFF,MO,2.0
20001212X17486,CHI91FA228,1991,07/24/91 00:00:00,CARMEL,IN,2.0
20020917X02834,ATL82FA144,1982,05/27/82 00:00:00,OAKWOOD,VA,3.0
20030605X00783,DEN03FA090,2003,05/28/03 00:00:00,WATKINS,CO,1.0
20031119X01921,LAX04FA037,2003,11/06/03 00:00:00,TORRANCE,CA,2.0
20001213X34110,CHI86FER13,1986,07/07/86 00:00:00,ELROSA,MN,1.0
20001214X38366,CHI86FEM03,1985,12/20/85 00:00:00,GRAND RAPIDS,MI,1.0
20001207X04525,LAX95LA332,1995,09/10/95 00:00:00,LIVERMORE,CA,1.0
20001213X30486,LAX87LA161,1987,03/29/87 00:00:00,KONA,HI,1.0
20001208X06249,IAD96FA107,1996,07/08/96 00:00:00,SALEM,OH,5.0
20001213X25488,LAX88FA163,1988,04/17/88 00:00:00,CAJON,CA,2.0
20001213X29293,ATL89FA220,1989,09/28/89 00:00:00,CHAMBLEE,GA,1.0
20011105X02194,FTW02FA028,2001,11/03/01 00:00:00,SEAGOVILLE,TX,1.0
20001206X01864,SEA94FA194,1994,07/24/94 00:00:00,SEASIDE,OR,2.0
20001211X16175,LAX93LA057,1992,12/02/92 00:00:00,FALLBROOK,CA,2.0
20140810X32933,CEN14LA415,2014,08/10/14 00:00:00,JEANERETTE,LA,1.0
20001214X42970,FTW83FA238,1983,05/18/83 00:00:00,VENICE,LA,1.0
20001214X38624,MIA84FA067,1984,01/27/84 00:00:00,STUART,FL,1.0
20060209X00187,LAX06FA104,2006,02/07/06 00:00:00,MINDEN,NV,1.0
20090201X10015,WPR09FA104,2009,01/31/09 00:00:00,FILLMORE,CA,1.0
20001214X38914,SEA84FA063,1984,02/28/84 00:00:00,MIDDLETON,ID,2.0
20080731X01133,LAX08FA233,2008,07/19/08 00:00:00,PRICE,UT,3.0
20100925X54904,CEN10LA558,2010,09/25/10 00:00:00,PATTISON,TX,1.0
20001213X27720,FTW89FA049,1989,02/13/89 00:00:00,TYLER,TX,3.0
20001213X33670,NYC86FA127,1986,05/10/86 00:00:00,EAST FISHKILL,NY,1.0
20011009X02053,CHI02FA001,2001,10/03/01 00:00:00,ATTICA,MI,1.0
20010301X00525,MIA01LA084,2001,02/23/01 00:00:00,INVERNESS,MS,1.0
20001208X08867,IAD97FA123,1997,09/27/97 00:00:00,PITTSFIELD,MA,1.0
20001214X41392,LAX85FA036,1984,10/30/84 00:00:00,BEAUMONT,CA,2.0
20041004X01558,LAX04FA329,2004,09/24/04 00:00:00,KALAHEO,HI,5.0
20001214X44301,NYC83AA209,1983,08/14/83 00:00:00,DOVER TOWNSHIP,NJ,5.0
20001214X38569,FTW84FA107,1984,01/04/84 00:00:00,MORGAN CITY,LA,2.0
20020917X04416,CHI82FA335,1982,09/03/82 00:00:00,DUBLIN,OH,1.0
20001211X11436,IAD99FA023,1998,11/29/98 00:00:00,MIDLAND,VA,1.0
20160404X74644,ERA16FA144,2016,04/04/16 00:00:00,PIGEON FORGE,TN,5.0
20001213X27484,NYC89DNE01,1988,12/02/88 00:00:00,RUSSELL,MA,1.0
20110102X35752,ERA11FA101,2010,12/31/10 00:00:00,WEYERS CAVE,VA,2.0
20001213X27051,FTW89DPJ01,1988,10/10/88 00:00:00,MCALESTER,OK,1.0
20110710X23251,CEN11FA468,2011,07/09/11 00:00:00,RISING SUN,IN,1.0
20001206X01735,FTW94GA232,1994,07/12/94 00:00:00,MIMBRES,NM,3.0
20001206X01330,LAX94LA226,1994,05/29/94 00:00:00,FALLBROOK,CA,1.0
20001214X35497,DEN85FA067,1985,01/20/85 00:00:00,CARSON,NM,3.0
20001211X12679,NYC93FA115,1993,06/17/93 00:00:00,GORDON,KY,1.0
20001213X29290,ATL89DKG06,1989,09/29/89 00:00:00,PLAINS,GA,2.0
20001212X21660,CHI00FA266,2000,08/19/00 00:00:00,VALPARAISO,IN,1.0
20051007X01599,SEA05MA202,2005,09/29/05 00:00:00,EDMONDS,WA,3.0
20001211X14311,LAX92FA154,1992,03/28/92 00:00:00,HESPERIA,CA,1.0
20001214X40351,LAX84FA421,1984,07/29/84 00:00:00,MEADVIEW,AZ,3.0
20001214X36453,FTW85FA230,1985,05/22/85 00:00:00,JUNCTION CITY,KS,1.0
20001213X26492,CHI88FA214,1988,08/20/88 00:00:00,HAMPTON,IL,3.0
20001211X14781,ATL92LA132,1992,06/29/92 00:00:00,BESSEMER,AL,1.0
20060510X00540,LAX06FA156,2006,05/01/06 00:00:00,DESERT CENTER,CA,2.0
20020715X01131,CHI02FA189,2002,07/10/02 00:00:00,BROOKVILLE,IN,1.0
20001207X03023,NYC95GA060,1995,02/22/95 00:00:00,CAMBRIDGE,MA,4.0
20020917X02329,LAX82FXQ04,1982,02/14/82 00:00:00,QUINCY,CA,1.0
20001208X08876,LAX97GA325,1997,09/12/97 00:00:00,SEQUIM,WA,3.0
20001211X13165,LAX93FA318,1993,08/10/93 00:00:00,HONOLULU,HI,2.0
20090610X23159,CEN09PA348,2009,06/09/09 00:00:00,SANTA FE,NM,2.0
20141004X60516,CEN15FA003,2014,10/04/14 00:00:00,WICHITA FALLS,TX,3.0
20020917X04037,NYC82FGM11,1982,06/15/82 00:00:00,KITTANNING,PA,1.0
20001208X06988,SEA97TA023,1996,10/29/96 00:00:00,FILLMORE,UT,1.0
20001214X42798,NYC83FA106,1983,04/30/83 00:00:00,WAYMART,PA,2.0
20170813X82426,ERA17FA274,2017,08/12/17 00:00:00,CHARLOTTESVILLE,VA,2.0
20040810X01175,MIA04FA115,2004,08/02/04 00:00:00,MIAMI,FL,1.0
20080222X00227,DFW08FA062,2008,02/05/08 00:00:00,S. PADRE ISLAND,TX,3.0
20151216X13718,WPR16FA040,2015,12/15/15 00:00:00,SUPERIOR,AZ,2.0
20001212X24462,FTW91FA002,1990,10/07/90 00:00:00,MESQUITE,TX,1.0
20041221X02018,DFW05FA040,2004,12/17/04 00:00:00,SHIP SHOAL 130E,GM,1.0
20001213X30716,LAX87LA178,1987,04/15/87 00:00:00,LAUPAHOEHOE,HI,1.0
20001205X00484,LAX99FA136,1999,04/01/99 00:00:00,GRAND CANYON,AZ,1.0
20040727X01081,LAX04LA274,2004,07/21/04 00:00:00,CAMERON PARK,CA,1.0
20171025X21112,WPR18FA016,2017,10/24/17 00:00:00,ARLINGTON,WA,1.0
20001213X33964,MIA86MA182,1986,06/16/86 00:00:00,JACKSONVILLE,FL,2.0
20001213X30189,BFO87FA022,1987,02/12/87 00:00:00,MYERSVILLE,MD,2.0
20001214X35804,ANC85FA052,1985,03/09/85 00:00:00,WHITTIER,AK,1.0
20051130X01916,MIA06FA022,2005,11/20/05 00:00:00,HOMESTEAD,FL,1.0
20001211X14928,MIA92FA142,1992,06/26/92 00:00:00,LABELLE,FL,1.0
20001214X44722,ATL84FA001,1983,10/01/83 00:00:00,PLINY,WV,1.0
20110627X51003,CEN11FA422,2011,06/27/11 00:00:00,DEL VALLE,TX,1.0
20001207X03520,NYC95FA103,1995,05/08/95 00:00:00,TOANO,VA,1.0
20011026X02150,SEA02FA008,2001,10/18/01 00:00:00,ANCHORAGE,AK,3.0
20091107X23541,WPR10LA048,2009,11/07/09 00:00:00,ADELANTO,CA,3.0
20150407X12857,ERA15FA178,2015,04/06/15 00:00:00,CHEROKEE,AL,1.0
20020917X04428,CHI83FA023,1982,10/21/82 00:00:00,INDIAN HILL,OH,1.0
20001213X28565,DEN89MA130,1989,06/01/89 00:00:00,BIG TIMBER,MT,4.0
20080421X00524,ANC08FA053,2008,04/15/08 00:00:00,CHICKALOON,AK,4.0
20001208X08612,FTW97FA330,1997,08/27/97 00:00:00,MANILA,AR,1.0
20080613X00858,DEN08FA101,2008,06/08/08 00:00:00,HUNTSVILLE,TX,4.0
20001212X19686,ATL99FA132,1999,09/16/99 00:00:00,HEFLIN,AL,2.0
20011002X02023,LAX01LA304,2001,09/22/01 00:00:00,CHICO,CA,1.0
20001213X27263,LAX89FA034,1988,11/03/88 00:00:00,PHOENIX,AZ,1.0
20001211X09841,FTW98FA167,1998,04/02/98 00:00:00,ROUND TOP,TX,1.0
20100617X13529,WPR10FA295,2010,06/16/10 00:00:00,DONNELLY,ID,1.0
20001213X25794,NYC88FA133,1988,05/01/88 00:00:00,LONG ISLAND CTY,NY,1.0
20060905X01290,ANC06GA121,2006,08/21/06 00:00:00,NUIQSUT,AK,1.0
20020917X05134,SEA83FA033,1982,12/18/82 00:00:00,NEAR RANDLE,WA,2.0
20001213X31212,FTW87MA135,1987,06/07/87 00:00:00,BAY CITY,MI,2.0
20080109X00032,NYC08FA071,2007,12/30/07 00:00:00,CHEROKEE,AL,3.0
20001211X11722,LAX93LA104,1993,01/25/93 00:00:00,VOLCANO NATL PK,HI,4.0
20051019X01693,LAX06LA006,2005,10/14/05 00:00:00,EAGAR,AZ,2.0
20001211X15196,LAX92LA301,1992,07/17/92 00:00:00,FRESNO,CA,1.0
20001206X02510,NYC95LA009,1994,10/15/94 00:00:00,JONESVILLE,VA,1.0
20080908X01405,DFW08FA218,2008,08/29/08 00:00:00,RIDGEDALE,MO,2.0
20001211X09966,ANC98FA061,1998,05/30/98 00:00:00,JUNEAU,AK,2.0
20040630X00889,IAD04FA025,2004,06/18/04 00:00:00,KILLINGLY,CT,2.0
20020701X01007,CHI02FA174,2002,06/21/02 00:00:00,NORFOLK,NE,3.0
20030116X00078,LAX03FA060,2003,01/04/03 00:00:00,COLLINSVILLE,CA,1.0
20001208X08960,CHI98GA025,1997,10/30/97 00:00:00,FRANKFORT,IL,2.0
20001214X40222,CHI84FEI01,1984,07/31/84 00:00:00,TOLEDO,OH,1.0
20001212X17333,LAX91TL#07,1991,06/13/91 00:00:00,LOS ANGELES,CA,2.0
20020910X01577,ANC02FA108,2002,08/28/02 00:00:00,KETCHIKAN,AK,2.0
20130805X31941,CEN13LA461,2013,08/05/13 00:00:00,ACKERLY,TX,2.0
20001211X11706,LAX93FA093,1993,01/12/93 00:00:00,HAYWARD,CA,2.0
20020220X00233,ATL02FA048,2002,02/16/02 00:00:00,NEW SMYRNA BCH.,FL,2.0
20001212X21525,LAX00MA273,2000,07/21/00 00:00:00,"KAHULUI, MAUI",HI,7.0
20080925X01525,CHI08FA293,2008,09/21/08 00:00:00,KENOSHA,WI,2.0
20001214X41970,DEN83FA045,1983,01/06/83 00:00:00,SULA,MT,1.0
20020314X00344,ATL02FA062,2002,03/08/02 00:00:00,SAVANNAH,GA,2.0
20021106X05440,FTW03FA028,2002,11/01/02 00:00:00,FORT GIBSON,OK,1.0
20120612X20331,WPR12LA259,2012,06/12/12 00:00:00,EAST WENATCHEE,WA,1.0
20001211X09984,ATL98FA080,1998,05/25/98 00:00:00,INDIAN TRAIL,NC,5.0
20001211X11280,LAX99FA006,1998,10/05/98 00:00:00,LOWERLAKE,CA,2.0
20130612X12326,CEN13FA344,2013,06/11/13 00:00:00,TALIHINA,OK,1.0
20001211X14234,BFO92FLQ01,1992,03/23/92 00:00:00,BOWLING GREEN,KY,1.0
20121017X91940,ERA13FA026,2012,10/17/12 00:00:00,ERWINNA,PA,1.0
20001213X29504,SEA89LA175,1989,09/18/89 00:00:00,MONITOR,WA,1.0
20001211X13997,LAX92FA088,1992,01/11/92 00:00:00,CROCKETT,CA,5.0
20080527X00729,CHI08FA132,2008,05/16/08 00:00:00,COMSTOCK,MI,1.0
20001213X25128,MKC88FA054,1988,02/21/88 00:00:00,NIXA,MO,1.0
20081116X80702,CEN09TA060,2008,11/16/08 00:00:00,QUITMAN,AR,1.0
20001208X06572,MIA96LA200,1996,08/03/96 00:00:00,BARTON,AL,1.0
20140908X10448,CEN14LA487,2014,09/06/14 00:00:00,MACEDONIA,IA,1.0
20001213X29777,DEN90FA028,1989,11/28/89 00:00:00,PARK CITY,UT,1.0
20020917X04804,LAX83FUA01,1982,10/06/82 00:00:00,SANTA ANA,CA,1.0
20100325X93604,ERA10MA188,2010,03/25/10 00:00:00,BROWNSVILLE,TN,3.0
20001214X41458,NYC85FA015,1984,10/28/84 00:00:00,BUTLER,PA,2.0
20001212X22031,MIA00GA264,2000,09/07/00 00:00:00,WAYNESVILLE,NC,2.0
20001208X07518,FTW97FA121,1997,03/14/97 00:00:00,LENA,LA,1.0
20170916X35842,CEN17FA355,2017,09/16/17 00:00:00,ANCHO,NM,1.0
20001206X01118,LAX94FA197,1994,04/18/94 00:00:00,HANAPEPE,HI,1.0
20001214X37122,FTW85FA282,1985,07/11/85 00:00:00,MATAGORDA ISLNG,LA,1.0
20030603X00760,FTW03LA163,2003,05/29/03 00:00:00,BRAZOS BLK 532,GM,1.0
20001207X04865,LAX96FA045,1995,11/12/95 00:00:00,SHAFTER,CA,2.0
20001212X18460,LAX92FA047,1991,11/20/91 00:00:00,DAVIS,CA,3.0
20001208X06129,ANC96FA098,1996,07/13/96 00:00:00,KETCHIKAN,AK,1.0
20001213X33550,FTW86FA085,1986,05/12/86 00:00:00,PINE SPRING,TX,2.0
20001211X11285,LAX99LA004,1998,10/04/98 00:00:00,MOORPARK,CA,1.0
20100602X01732,WPR10FA277,2010,06/02/10 00:00:00,SPOKANE,WA,1.0
20030626X00960,CHI03LA182,2003,06/25/03 00:00:00,DEXTER,MO,1.0
20070920X01418,MIA07FA147,2007,09/11/07 00:00:00,NOKOMIS,FL,2.0
20061012X01505,SEA07FA006,2006,10/08/06 00:00:00,SUMNER,WA,1.0
20001213X35424,NYC87LA012,1986,12/11/86 00:00:00,NEWPORT,RI,1.0
20010302X00535,FTW01FA069,2001,02/15/01 00:00:00,BORGER,TX,2.0
20121126X75106,WPR13FA054,2012,11/25/12 00:00:00,CORONA,CA,1.0
20030117X00084,FTW03FA082,2003,01/10/03 00:00:00,SALT LAKE CITY,UT,2.0
20111004X71245,ERA12MA005,2011,10/04/11 00:00:00,NEW YORK,NY,2.0
20180127X31420,WPR18FA074,2018,01/27/18 00:00:00,POMEROY,WA,1.0
20140414X14114,WPR14FA167,2014,04/13/14 00:00:00,RENO,NV,1.0
20050620X00814,DFW05LA159,2005,06/15/05 00:00:00,RUSK,TX,1.0
20001212X22004,LAX00LA328,2000,09/07/00 00:00:00,RANCHO MURIETA,CA,1.0
20001213X29884,SEA90LA016,1989,11/15/89 00:00:00,ESTACADA,OR,1.0
20001214X39978,LAX84FA371,1984,06/28/84 00:00:00,PALOS VERDE EST,CA,2.0
20130723X70214,WPR13GA338,2013,07/22/13 00:00:00,MOUNT CHARLESTON,NV,1.0
20041207X01933,SEA05FA019,2004,11/27/04 00:00:00,ARLINGTON,WA,2.0
20001213X29904,ATL90FA040,1989,12/17/89 00:00:00,CINCINNATI,OH,1.0
20001213X31041,SEA87FA106,1987,05/28/87 00:00:00,SHELTON,WA,1.0
20001213X33434,ANC86FA055,1986,05/11/86 00:00:00,TURNAGAIN,AK,1.0
20001213X25587,ANC88FA063,1988,05/24/88 00:00:00,DILLINGHAM,AK,4.0
20001211X09878,IAD98FA049,1998,04/26/98 00:00:00,STEVENSVILLE,MD,2.0
20171107X44514,CEN18LA026,2017,11/07/17 00:00:00,SULPHUR,LA,2.0
20151118X05037,WPR16FA029,2015,11/18/15 00:00:00,CARLSBAD,CA,2.0
20130716X92622,CEN13FA415,2013,07/16/13 00:00:00,DOVE CREEK,CO,1.0
20001213X26056,NYC88FA166,1988,06/17/88 00:00:00,SPRINGTOWN,PA,2.0
20121005X04242,CEN13FA003,2012,10/05/12 00:00:00,INTRACOASTAL CITY,LA,1.0
20050829X01319,CHI05LA243,2005,08/28/05 00:00:00,EL DARA,IL,1.0
20070919X01416,LAX07LA270,2007,09/08/07 00:00:00,ELLENSBURG,WA,1.0
20100722X21328,CEN10FA424,2010,07/22/10 00:00:00,KINGFISHER,OK,2.0
20001214X37125,FTW85FA300,1985,07/29/85 00:00:00,HOUMA,LA,1.0
20001214X37762,DEN85FA241,1985,09/14/85 00:00:00,CRAIG,CO,1.0
20001208X06580,MIA96LA210,1996,08/11/96 00:00:00,ADEL,GA,1.0
20001212X17548,FTW91FA123,1991,07/18/91 00:00:00,BRICKEYS,AR,1.0
20001206X02426,FTW95FA016,1994,10/14/94 00:00:00,EUNICE,LA,1.0
20001213X29736,ATL90GA023,1989,11/02/89 00:00:00,MARATHON,FL,1.0
20070808X01151,SEA07FA223,2007,08/02/07 00:00:00,EASTON,WA,4.0
20040825X01284,SEA04TA163,2004,08/17/04 00:00:00,MEAD,WA,1.0
20001212X18118,LAX91LA388,1991,09/11/91 00:00:00,FARMINGTON,CA,1.0
20001206X02276,LAX94FA383,1994,09/27/94 00:00:00,MESA,AZ,1.0
20001212X23158,LAX90FA170,1990,05/12/90 00:00:00,CARMEL VALLEY,CA,1.0
20001207X04567,NYC95FA221,1995,09/10/95 00:00:00,AKRON,OH,1.0
20031021X01791,FTW04FA007,2003,10/10/03 00:00:00,W. CAMERON 509,GM,3.0
20110131X92536,WPR11GA115,2011,01/31/11 00:00:00,MARANA,AZ,1.0
20001214X37904,SEA85FA211,1985,09/09/85 00:00:00,EMMETT,ID,1.0
20001212X23062,ATL90FA117,1990,05/23/90 00:00:00,GRIFFIN,GA,1.0
20001213X33747,ATL86FA156,1986,06/02/86 00:00:00,PETERSON,AL,3.0
20001213X32802,ATL86FA081,1986,02/22/86 00:00:00,GREENVILLE,TN,1.0
20001211X12638,LAX93FA260,1993,06/19/93 00:00:00,HENDERSON,NV,1.0
20001211X14890,LAX92FA267,1992,06/29/92 00:00:00,RICHMOND,CA,2.0
20110515X15314,CEN11FA337,2011,05/12/11 00:00:00,NEW ATHENS,IL,1.0
20001214X38301,NYC86FA037,1985,11/20/85 00:00:00,CHESHIRE,CT,2.0
20001211X12978,MIA93GA154,1993,07/14/93 00:00:00,HORTENSE,GA,4.0
20001207X04610,SEA95LA223,1995,09/23/95 00:00:00,CRATER LAKE,OR,2.0
20160507X31120,ANC16FA023,2016,05/06/16 00:00:00,SKAGWAY,AK,1.0
20071227X01994,NYC08LA028,2007,11/09/07 00:00:00,MORRISTOWN,TN,1.0
20020930X05241,IAD02LA094,2002,09/14/02 00:00:00,ROCHESTER,MA,1.0
20001208X09363,NYC98LA043,1997,12/16/97 00:00:00,BELLE VERNON,PA,1.0
20170215X50149,CEN17FA103,2017,02/15/17 00:00:00,SHREVEPORT,LA,2.0
20040816X01225,SEA04TA158,2004,08/11/04 00:00:00,LEAVENWORTH,WA,1.0
20170908X43517,ERA17FA317,2017,09/08/17 00:00:00,MEDFORD,NJ,2.0
20001213X30734,LAX87LA199,1987,04/29/87 00:00:00,TAMUNINGS,GU,2.0
20040519X00615,ATL04TA116,2004,05/14/04 00:00:00,LOUISBURG,NC,1.0
20020917X02107,FTW82FA145,1982,04/22/82 00:00:00,INTRACOASTAL CI,LA,2.0
20090720X02055,WPR09TA356,2009,07/21/09 00:00:00,WILLOW CREEK,CA,1.0
20040422X00501,DCA04MA030,2004,03/23/04 00:00:00,GULF OF MEXICO,,10.0
20120808X44331,ANC12FA084,2012,08/07/12 00:00:00,DELTA JUNCTION,AK,1.0
20001211X12761,ATL93FA127,1993,07/12/93 00:00:00,TALLADEGA,AL,1.0
20001213X28180,NYC89GA116,1989,04/12/89 00:00:00,AIRVILLE,PA,2.0
20001214X37081,DEN85FA180,1985,07/06/85 00:00:00,KEYSTONE,SD,4.0
20001214X40458,NYC84FA240,1984,07/14/84 00:00:00,REHOBETH,MA,2.0
20011129X02311,MIA02FA026,2001,11/22/01 00:00:00,TALLASSEE,AL,2.0
20001214X36426,DEN85FA134,1985,05/12/85 00:00:00,CARRIZOZO,NM,1.0
20001214X37804,LAX85FA402,1985,09/26/85 00:00:00,KULA,HI,1.0
20030502X00613,FTW03FA118,2003,03/27/03 00:00:00,BROADUS,TX,2.0
20080201X00130,LAX08FA052,2008,01/25/08 00:00:00,LOS ANGELES,CA,1.0
20001214X40346,LAX84FA405,1984,07/18/84 00:00:00,MESA,AZ,2.0
20070802X01089,LAX07MA231,2007,07/27/07 00:00:00,PHOENIX,AZ,4.0
20001214X38803,LAX84FA193,1984,02/22/84 00:00:00,THOUSAND OAKS,CA,2.0
20180210X14603,WPR18FA087,2018,02/10/18 00:00:00,PEACH SPRINGS,AZ,3.0
20001211X12930,LAX93FA272,1993,07/02/93 00:00:00,S. SN FRANCISCO,CA,1.0
20111031X10241,ANC12FA006,2011,10/29/11 00:00:00,ILIAMNA,AK,1.0
20130928X12809,ERA13LA433,2013,09/27/13 00:00:00,BLOOMSBURG,PA,1.0
20001211X11011,CHI98FA353,1998,09/19/98 00:00:00,CAHOKIA,IL,1.0
20001214X38747,DEN84FA102,1984,02/25/84 00:00:00,COALVILLE,UT,1.0
20060605X00682,DFW06IA145,2006,05/30/06 00:00:00,GRAND ISLE 43AA,GM,1.0
20001213X29368,FTW89FA159,1989,09/03/89 00:00:00,HOUMA,LA,3.0
20180609X45235,CEN18FA215,2018,06/09/18 00:00:00,OSHKOSH,WI,1.0
20001213X30252,LAX87FA112,1987,02/08/87 00:00:00,HONOLULU,HI,1.0
20001214X41987,FTW83FA097,1983,01/21/83 00:00:00,GOLIAD,TX,2.0
20020917X03666,LAX82FA232,1982,06/23/82 00:00:00,DARDANELLE,CA,3.0
20001212X20623,FTW00FA091,2000,03/10/00 00:00:00,DALHART,TX,4.0
20140717X70001,CEN14FA369,2014,07/17/14 00:00:00,NEWKIRK,NM,3.0
20080722X01096,DEN08FA122,2008,07/15/08 00:00:00,SALESVILLE,AR,2.0
20001206X02540,ANC95LA012,1994,11/20/94 00:00:00,JUNEAU,AK,1.0
20160612X85856,CEN16FA215,2016,06/12/16 00:00:00,JONESBORO,AR,1.0
20160516X00545,CEN16LA182,2016,05/13/16 00:00:00,PORTIA,AR,1.0
