event_id,aircraft_id,crew_id,age,category,flight_hours,flight_type,flight_craft
20020326X00396,1,1,,PLT,,,
20041025X01691,1,1,62.0,PLT,12340.0,TOTL,ALL
20010724X01485,1,1,,PLT,,,
20001208X07947,1,1,38.0,PLT,10384.0,TOTL,ALL
20051011X01612,1,1,,PLT,,,
20011204X02342,1,1,,PLT,,,
20011204X02342,1,2,,CPLT,,,
20001211X12937,1,1,30.0,PLT,640.0,TOTL,ALL
20001211X11496,1,1,54.0,PLT,9300.0,TOTL,ALL
20010820X01734,1,1,27.0,PLT,2794.0,TOTL,ALL
20030326X00395,1,1,56.0,PLT,29325.0,TOTL,ALL
20030326X00395,1,2,33.0,CPLT,,,
20070820X01211,1,1,55.0,PLT,223.0,TOTL,ALL
20001211X15555,1,1,36.0,PLT,3779.0,TOTL,ALL
20110503X02028,1,1,,PLT,,,
20150629X82450,1,1,,PLT,,,
20001214X39833,1,1,38.0,PLT,781.0,TOTL,ALL
20170517X14413,1,1,,PLT,,,
20121010X41638,1,1,66.0,PLT,3200.0,TOTL,ALL
20130222X12624,1,1,47.0,PLT,4960.0,TOTL,ALL
20001211X10053,1,1,56.0,PLT,2210.0,TOTL,ALL
20020917X04642,1,1,40.0,PLT,6887.0,TOTL,ALL
20001213X28316,1,1,51.0,PLT,7459.0,TOTL,ALL
20140127X44720,1,1,63.0,PLT,8010.0,TOTL,ALL
20001206X02565,1,1,47.0,PLT,15000.0,TOTL,ALL
20091012X15520,1,1,37.0,PLT,1378.0,TOTL,ALL
20020617X00896,1,1,,PLT,,,
20020617X00896,1,2,,CPLT,,,
20001214X45290,1,1,44.0,PLT,5742.0,TOTL,ALL
20170314X72543,1,1,53.0,PLT,,,
20040817X01238,1,1,,PLT,,,
20160624X83720,1,1,52.0,PLT,8000.0,TOTL,ALL
20030904X01456,1,1,35.0,DSTU,81.0,TOTL,ALL
20001208X07115,1,1,37.0,PLT,10000.0,TOTL,ALL
20001213X30179,1,1,38.0,PLT,2360.0,TOTL,ALL
20001214X41704,1,1,43.0,PLT,1384.0,TOTL,ALL
20130326X72345,1,1,75.0,PLT,571.0,TOTL,ALL
20111110X01102,1,1,30.0,PLT,4861.0,TOTL,ALL
20001211X12997,1,1,43.0,PLT,607.0,TOTL,ALL
20100608X53455,1,1,34.0,PLT,255.0,TOTL,ALL
20001213X33937,1,1,35.0,PLT,4460.0,TOTL,ALL
20020917X02127,1,1,53.0,PLT,2750.0,TOTL,ALL
20001208X08833,1,1,51.0,PLT,2400.0,TOTL,ALL
20161116X00108,1,1,,PLT,,,
20001212X17624,1,1,58.0,PLT,12200.0,TOTL,ALL
20001214X42464,1,1,53.0,PLT,13000.0,TOTL,ALL
20120915X43730,1,1,65.0,PLT,11100.0,TOTL,ALL
20001213X35442,1,1,36.0,PLT,4650.0,TOTL,ALL
20001213X29709,1,1,27.0,PLT,2900.0,TOTL,ALL
20020917X02261,1,1,33.0,PLT,5000.0,TOTL,ALL
20001213X26484,1,1,42.0,PLT,3074.0,TOTL,ALL
20001212X20548,1,1,,PLT,,,
20001213X32868,1,1,57.0,PLT,1100.0,TOTL,ALL
20001208X07555,1,1,,PLT,,,
20001212X20478,1,1,58.0,PLT,9641.0,TOTL,ALL
20010724X01486,1,1,,PLT,,,
20010724X01486,2,1,,PLT,,,
20101213X65626,1,1,,PLT,,,
20001211X15171,1,1,47.0,PLT,185.0,TOTL,ALL
20050830X01331,1,1,45.0,PLT,1936.0,TOTL,ALL
20001212X20659,1,1,40.0,PLT,6200.0,TOTL,ALL
20011016X02097,1,1,,PLT,,,
20140523X44003,1,1,42.0,PLT,4628.0,TOTL,ALL
20001214X36805,1,1,34.0,PLT,12247.0,TOTL,ALL
20140811X54554,1,1,71.0,PLT,17370.0,TOTL,ALL
20050719X01059,1,1,40.0,PLT,2215.0,TOTL,ALL
20080529X00746,1,1,33.0,PLT,5692.0,TOTL,ALL
20040713X00966,1,1,,PLT,,,
20001208X07517,1,1,,PLT,,,
20001211X09469,1,1,39.0,PLT,817.0,TOTL,ALL
20070919X01412,1,1,,PLT,,,
20001208X08988,1,1,,PLT,,,
20040801X01120,1,1,57.0,PLT,6000.0,TOTL,ALL
20010110X00147,1,1,35.0,PLT,2071.0,TOTL,ALL
20001212X17922,1,1,45.0,PLT,5601.0,TOTL,ALL
20001212X20254,1,1,,PLT,,,
20070804X01107,1,1,60.0,PLT,12454.0,TOTL,ALL
20020917X03445,1,1,26.0,PLT,,,
20001212X16782,1,1,43.0,PLT,3971.0,TOTL,ALL
20001211X09579,1,1,59.0,PLT,12710.0,TOTL,ALL
20061204X01728,1,1,,PLT,,,
20021122X05507,1,1,60.0,PLT,4900.0,TOTL,ALL
20001211X11322,1,1,,PLT,,,
20001207X03933,1,1,62.0,PLT,16000.0,TOTL,ALL
20001207X03441,1,1,48.0,PLT,9806.0,TOTL,ALL
20100817X84118,1,1,,PLT,,,
20131009X50051,1,1,47.0,PLT,3450.0,TOTL,ALL
20001211X09959,1,1,32.0,PLT,613.0,TOTL,ALL
20001211X14348,1,1,48.0,PLT,,,
20051023X01707,1,1,59.0,PLT,9616.0,TOTL,ALL
20070927X01463,1,1,36.0,PLT,1215.0,TOTL,ALL
20030117X00083,1,1,35.0,PLT,3076.0,TOTL,ALL
20001211X10554,1,1,54.0,PLT,8394.0,TOTL,ALL
20001206X01863,1,1,50.0,PLT,9247.0,TOTL,ALL
20030909X01489,1,1,,PLT,,,
20010813X01666,1,1,37.0,PLT,531.0,TOTL,ALL
20001212X16367,1,1,35.0,PLT,3267.0,TOTL,ALL
20060119X00089,1,1,20.0,PLT,492.0,TOTL,ALL
20001214X39260,1,1,51.0,PLT,7207.0,TOTL,ALL
20001208X07954,1,1,33.0,PLT,653.0,TOTL,ALL
20001206X00636,1,1,46.0,PLT,5677.0,TOTL,ALL
20001213X26486,1,1,31.0,PLT,178.0,TOTL,ALL
20001212X19645,1,1,58.0,PLT,1156.0,TOTL,ALL
20160216X34107,1,1,,PLT,,,
20051018X01683,1,1,63.0,PLT,7498.0,TOTL,ALL
20001213X29711,1,1,42.0,PLT,209.0,TOTL,ALL
20090622X25719,1,1,,PLT,,,
20110713X53504,1,1,51.0,PLT,5000.0,TOTL,ALL
20030103X00010,1,1,53.0,PLT,500.0,TOTL,ALL
20001212X20004,1,1,33.0,PLT,6000.0,TOTL,ALL
20001214X43375,1,1,44.0,PLT,6328.0,TOTL,ALL
20060531X00648,1,1,65.0,PLT,300.0,TOTL,ALL
20061222X01838,1,1,30.0,PLT,3300.0,TOTL,ALL
20001211X13417,1,1,28.0,PLT,185.0,TOTL,ALL
20121010X63824,1,1,52.0,PLT,19250.0,TOTL,ALL
20001212X17861,1,1,44.0,PLT,12400.0,TOTL,ALL
20001214X37880,1,1,38.0,PLT,8500.0,TOTL,ALL
20180118X03803,1,1,57.0,PLT,6416.0,TOTL,ALL
20001214X38910,1,1,35.0,PLT,10000.0,TOTL,ALL
20001211X14670,1,1,43.0,PLT,600.0,TOTL,ALL
20041217X02006,1,1,39.0,PLT,4604.0,TOTL,ALL
20070721X00972,1,1,,PLT,,,
20001211X11966,1,1,47.0,PLT,4304.0,TOTL,ALL
20001213X33174,1,1,44.0,PLT,6000.0,TOTL,ALL
20050721X01068,1,1,,PLT,,,
20050721X01068,1,2,,CPLT,,,
20130331X41252,1,1,55.0,PLT,10693.0,TOTL,ALL
20001214X38471,1,1,32.0,PLT,2264.0,TOTL,ALL
20020917X02025,1,1,33.0,PLT,3132.0,TOTL,ALL
20001213X32106,1,1,40.0,PLT,5817.0,TOTL,ALL
20001212X24293,1,1,64.0,PLT,119.0,TOTL,ALL
20140318X21532,1,1,59.0,PLT,6600.0,TOTL,ALL
20110804X41634,1,1,,PLT,,,
20001211X14950,1,1,49.0,PLT,4352.0,TOTL,ALL
20071121X01829,1,1,59.0,PLT,2050.0,TOTL,ALL
20001213X31507,1,1,40.0,PLT,5739.0,TOTL,ALL
20001214X44932,1,1,31.0,PLT,2646.0,TOTL,ALL
20001211X15345,1,1,46.0,PLT,3500.0,TOTL,ALL
20040811X01197,1,1,31.0,PLT,967.0,TOTL,ALL
20020917X02103,1,1,32.0,PLT,4100.0,TOTL,ALL
20001208X05165,1,1,45.0,PLT,5700.0,TOTL,ALL
20001214X37157,1,1,50.0,PLT,,,
20001213X29425,1,1,42.0,PLT,562.0,TOTL,ALL
20001206X01271,1,1,64.0,PLT,3919.0,TOTL,ALL
20001211X15148,1,1,44.0,PLT,16431.0,TOTL,ALL
20080819X01260,1,1,68.0,PLT,2200.0,TOTL,ALL
20160326X80544,1,1,29.0,PLT,5424.0,TOTL,ALL
20001211X16133,1,1,48.0,PLT,2400.0,TOTL,ALL
20001208X05224,1,1,47.0,PLT,6000.0,TOTL,ALL
20001208X08839,1,1,62.0,PLT,25000.0,TOTL,ALL
20001211X13573,1,1,44.0,PLT,10600.0,TOTL,ALL
20001213X28793,1,1,34.0,PLT,585.0,TOTL,ALL
20001211X16154,1,1,40.0,PLT,1890.0,TOTL,ALL
20020920X05188,1,1,51.0,PLT,520.0,TOTL,ALL
20001212X21753,1,1,57.0,FLTI,16000.0,TOTL,ALL
20001212X21753,1,2,46.0,DSTU,1.0,TOTL,ALL
20140630X02437,1,1,,PLT,,,
20030227X00265,1,1,41.0,PLT,5071.0,TOTL,ALL
20001213X33753,1,1,39.0,PLT,6280.0,TOTL,ALL
20080409X00443,1,1,,PLT,,,
20180503X00840,1,1,,PLT,,,
20001208X06541,1,1,34.0,PLT,11000.0,TOTL,ALL
20160711X20144,1,1,36.0,PLT,766.0,TOTL,ALL
20001212X18521,1,1,39.0,PLT,77.0,TOTL,ALL
20010110X00080,1,1,45.0,PLT,386.0,TOTL,ALL
20081001X14522,1,1,59.0,PLT,5225.0,TOTL,ALL
20001207X03984,1,1,39.0,PLT,3400.0,TOTL,ALL
20010726X01520,1,1,58.0,PLT,23.0,TOTL,ALL
20001212X24367,1,1,53.0,PLT,6682.0,TOTL,ALL
20101015X73141,1,1,47.0,PLT,2607.0,TOTL,ALL
20001211X10871,1,1,50.0,PLT,1440.0,TOTL,ALL
20001212X22153,1,1,47.0,PLT,3591.0,TOTL,ALL
20080715X01051,1,1,51.0,PLT,5245.0,TOTL,ALL
20080715X01051,2,1,55.0,PLT,14500.0,TOTL,ALL
20100725X05225,1,1,68.0,PLT,16000.0,TOTL,ALL
20080128X00108,1,1,63.0,PLT,13000.0,TOTL,ALL
20001208X07417,1,1,45.0,PLT,1095.0,TOTL,ALL
20001208X06966,1,1,49.0,PLT,14778.0,TOTL,ALL
20031001X01636,1,1,,PLT,,,
20090724X05537,1,1,24.0,PLT,650.0,TOTL,ALL
20081003X16305,1,1,,PLT,,,
20020917X04545,1,1,31.0,PLT,165.0,TOTL,ALL
20111001X63448,1,1,64.0,PLT,3600.0,TOTL,ALL
20001212X23230,1,1,39.0,PLT,5677.0,TOTL,ALL
20001212X21362,1,1,30.0,PLT,2500.0,TOTL,ALL
20100519X44533,1,1,,PLT,,,
20001214X38696,1,1,29.0,PLT,4197.0,TOTL,ALL
20001214X44582,1,1,40.0,PLT,10000.0,TOTL,ALL
20110216X52308,1,1,43.0,PLT,,,
20001214X43145,1,1,48.0,PLT,,,
20090605X40032,1,1,63.0,PLT,1550.0,TOTL,ALL
20001211X09565,1,1,66.0,PLT,1932.0,TOTL,ALL
20031024X01809,1,1,53.0,PLT,,,
20001214X42049,1,1,45.0,PLT,79.0,TOTL,ALL
20070621X00771,1,1,,PLT,,,
20140928X75554,1,1,61.0,PLT,1225.0,TOTL,ALL
20070123X00089,1,1,,PLT,,,
20090926X65328,1,1,45.0,PLT,4600.0,TOTL,ALL
20001213X29024,1,1,30.0,PLT,1607.0,TOTL,ALL
20001211X11576,1,1,52.0,PLT,15000.0,TOTL,ALL
20020806X01314,1,1,46.0,PLT,17500.0,TOTL,ALL
20090122X30337,1,1,35.0,PLT,1100.0,TOTL,ALL
20090122X30337,1,2,46.0,CPLT,291.0,TOTL,ALL
20030806X01273,1,1,44.0,PLT,13684.0,TOTL,ALL
20160419X90934,1,1,,PLT,,,
20001211X14860,1,1,49.0,PLT,12146.0,TOTL,ALL
20060105X00011,1,1,,PLT,,,
20001213X28311,1,1,39.0,PLT,2450.0,TOTL,ALL
20010105X00031,1,1,38.0,PLT,1984.0,TOTL,ALL
20040108X00032,1,1,48.0,PLT,14143.0,TOTL,ALL
20001206X00634,1,1,52.0,PLT,6000.0,TOTL,ALL
20001207X02876,1,1,50.0,PLT,4421.0,TOTL,ALL
20001208X06924,1,1,50.0,PLT,100.0,TOTL,ALL
20001213X25597,1,1,60.0,PLT,6856.0,TOTL,ALL
20090722X34202,1,1,33.0,PLT,3005.0,TOTL,ALL
20160511X40514,1,1,,FLTI,,,
20160511X40514,1,2,,DSTU,,,
20001205X00317,1,1,26.0,PLT,2670.0,TOTL,ALL
20001212X18539,1,1,48.0,PLT,7215.0,TOTL,ALL
20001213X33907,1,1,46.0,PLT,11000.0,TOTL,ALL
20060817X01187,1,1,24.0,PLT,1079.0,TOTL,ALL
20061106X01609,1,1,,PLT,,,
20020530X00771,1,1,55.0,PLT,289.0,TOTL,ALL
20001212X18336,1,1,42.0,PLT,4541.0,TOTL,ALL
20001213X28337,1,1,40.0,PLT,8134.0,TOTL,ALL
20100806X55641,1,1,44.0,PLT,11.0,TOTL,ALL
20001213X29732,1,1,58.0,PLT,16000.0,TOTL,ALL
20001211X13448,1,1,32.0,PLT,,,
20001214X41814,1,1,42.0,PLT,21000.0,TOTL,ALL
20001207X04051,1,1,54.0,PLT,4170.0,TOTL,ALL
20001213X29824,1,1,24.0,PLT,572.0,TOTL,ALL
20070612X00715,1,1,42.0,PLT,11487.0,TOTL,ALL
20001213X34293,1,1,58.0,PLT,20500.0,TOTL,ALL
20001214X44343,1,1,37.0,PLT,4024.0,TOTL,ALL
20001214X40964,1,1,39.0,PLT,12670.0,TOTL,ALL
20001214X42231,1,1,31.0,PLT,2500.0,TOTL,ALL
20001212X21760,1,1,52.0,PLT,15406.0,TOTL,ALL
20041118X01835,1,1,,PLT,,,
20131122X45906,1,1,,PLT,,,
20001213X28828,1,1,45.0,PLT,2710.0,TOTL,ALL
20001213X28828,2,1,44.0,PLT,6894.0,TOTL,ALL
20020917X05136,1,1,35.0,PLT,3004.0,TOTL,ALL
20001212X23703,1,1,35.0,PLT,6000.0,TOTL,ALL
20170228X30735,1,1,28.0,PLT,2265.0,TOTL,ALL
20001212X20135,1,1,42.0,PLT,800.0,TOTL,ALL
20001211X14180,1,1,37.0,PLT,371.0,TOTL,ALL
20150810X83147,1,1,,PLT,,,
20150810X83147,2,1,,PLT,,,
20040108X00039,1,1,,PLT,,,
20001214X41568,1,1,50.0,PLT,8216.0,TOTL,ALL
20001206X01313,1,1,23.0,PLT,122.0,TOTL,ALL
20001212X20655,1,1,,PLT,,,
20001214X35819,1,1,37.0,PLT,7060.0,TOTL,ALL
20130525X61706,1,1,32.0,PLT,1984.0,TOTL,ALL
20001206X00860,1,1,56.0,PLT,5695.0,TOTL,ALL
20050120X00080,1,1,56.0,PLT,2841.0,TOTL,ALL
20001213X32538,1,1,37.0,PLT,125.0,TOTL,ALL
20001212X20684,1,1,,PLT,,,
20110830X71207,1,1,58.0,PLT,41000.0,TOTL,ALL
20110830X71207,2,1,56.0,PLT,17815.0,TOTL,ALL
20001208X06059,1,1,48.0,PLT,2112.0,TOTL,ALL
20100105X94046,1,1,70.0,PLT,16864.0,TOTL,ALL
20001211X10116,1,1,28.0,PLT,798.0,TOTL,ALL
20001213X33224,1,1,49.0,PLT,12500.0,TOTL,ALL
20001213X33224,2,1,39.0,PLT,72.0,TOTL,ALL
20001214X36600,1,1,49.0,PLT,11300.0,TOTL,ALL
20090808X42846,1,1,60.0,PLT,1121.0,TOTL,ALL
20090808X42846,2,1,32.0,PLT,3150.0,TOTL,ALL
20040505X00557,1,1,65.0,PLT,1500.0,TOTL,ALL
20001214X45311,1,1,39.0,PLT,5300.0,TOTL,ALL
20020917X02545,1,1,27.0,PLT,1913.0,TOTL,ALL
20040308X00292,1,1,,PLT,,,
20010606X01082,1,1,,PLT,,,
20001212X22105,1,1,65.0,PLT,2700.0,TOTL,ALL
20150408X54634,1,1,62.0,PLT,,,
20110414X33613,1,1,,PLT,,,
20001211X09421,1,1,48.0,PLT,6257.0,TOTL,ALL
20001208X06862,1,1,45.0,PLT,1875.0,TOTL,ALL
20090104X12037,1,1,63.0,PLT,15373.0,TOTL,ALL
20090104X12037,1,2,46.0,CPLT,5524.0,TOTL,ALL
20171119X32831,1,1,46.0,PLT,4000.0,TOTL,ALL
20060814X01171,1,1,58.0,PLT,14000.0,TOTL,ALL
20060814X01171,1,2,38.0,CPLT,4700.0,TOTL,ALL
20001212X23537,1,1,51.0,PLT,11500.0,TOTL,ALL
20001213X24916,1,1,54.0,PLT,1000.0,TOTL,ALL
20090724X13440,1,1,62.0,PLT,18600.0,TOTL,ALL
20090724X13440,1,2,42.0,CPLT,6275.0,TOTL,ALL
20180524X45253,1,1,,PLT,,,
20001212X23489,1,1,31.0,PLT,643.0,TOTL,ALL
20040506X00562,1,1,52.0,PLT,7200.0,TOTL,ALL
20001211X11752,1,1,59.0,PLT,8925.0,TOTL,ALL
20001211X14948,1,1,38.0,PLT,810.0,TOTL,ALL
20001213X33817,1,1,27.0,PLT,5970.0,TOTL,ALL
20001213X33817,2,1,39.0,PLT,6954.0,TOTL,ALL
20001212X24771,1,1,41.0,PLT,14000.0,TOTL,ALL
20001212X18834,1,1,44.0,PLT,7217.0,TOTL,ALL
20001208X07244,1,1,51.0,PLT,10000.0,TOTL,ALL
20001212X19108,1,1,,PLT,,,
20001208X08646,1,1,,PLT,,,
20130102X13158,1,1,62.0,PLT,1581.0,TOTL,ALL
20130727X31220,1,1,35.0,PLT,3200.0,TOTL,ALL
20001213X30464,1,1,40.0,PLT,180.0,TOTL,ALL
20001211X15858,1,1,52.0,PLT,5000.0,TOTL,ALL
20030702X01008,1,1,49.0,PLT,664.0,TOTL,ALL
20121012X13500,1,1,35.0,PLT,1527.30005,TOTL,ALL
20001212X20249,1,1,,PLT,,,
20001212X17975,1,1,55.0,PLT,10277.0,TOTL,ALL
20001212X19991,1,1,,PLT,22730.0,TOTL,ALL
20001213X31729,1,1,38.0,PLT,7100.0,TOTL,ALL
20050517X00624,1,1,,PLT,,,
20001211X09656,1,1,,PLT,,,
20001213X30882,1,1,36.0,PLT,1505.0,TOTL,ALL
20001212X22349,1,1,,PLT,,,
20001214X40307,1,1,46.0,PLT,7689.0,TOTL,ALL
20001206X01364,1,1,29.0,PLT,172.0,TOTL,ALL
20020917X02401,1,1,25.0,PLT,471.0,TOTL,ALL
20001212X19969,1,1,,PLT,,,
20001212X16458,1,1,52.0,PLT,1786.0,TOTL,ALL
20001212X16458,2,1,46.0,PLT,17300.0,TOTL,ALL
20050419X00478,1,1,61.0,PLT,1290.0,TOTL,ALL
20001208X06593,1,1,,PLT,,,
20020131X00155,1,1,51.0,PLT,2870.0,TOTL,ALL
20030618X00893,1,1,54.0,PLT,13100.0,TOTL,ALL
20001214X44194,1,1,50.0,PLT,9500.0,TOTL,ALL
20050926X01532,1,1,,PLT,,,
20001208X09163,1,1,,PLT,,,
20091017X64138,1,1,26.0,PLT,85.0,TOTL,ALL
20040325X00375,1,1,46.0,PLT,17307.0,TOTL,ALL
20040722X01024,1,1,66.0,PLT,18056.0,TOTL,ALL
20001213X30536,1,1,37.0,PLT,4700.0,TOTL,ALL
20001211X15606,1,1,42.0,PLT,21386.0,TOTL,ALL
20001212X16795,1,1,29.0,PLT,89.0,TOTL,ALL
20090901X80259,1,1,57.0,PLT,22000.0,TOTL,ALL
20001212X22538,1,1,26.0,PLT,4500.0,TOTL,ALL
20001211X13692,1,1,49.0,PLT,8221.0,TOTL,ALL
20090225X75532,1,1,53.0,FLTI,9000.0,TOTL,ALL
20090225X75532,1,2,31.0,DSTU,2811.0,TOTL,ALL
20001213X32968,1,1,42.0,PLT,2370.0,TOTL,ALL
20040930X01544,1,1,,PLT,,,
20001208X09300,1,1,50.0,PLT,4118.0,TOTL,ALL
20001211X10785,1,1,41.0,PLT,4326.0,TOTL,ALL
20001211X15708,1,1,28.0,PLT,234.0,TOTL,ALL
20110929X85621,1,1,,PLT,,,
20160314X94921,1,1,,PLT,,,
20001211X09424,1,1,57.0,PLT,11196.0,TOTL,ALL
20001208X06867,1,1,51.0,PLT,11897.0,TOTL,ALL
20001213X31161,1,1,43.0,PLT,4548.0,TOTL,ALL
20001206X01147,1,1,28.0,PLT,677.0,TOTL,ALL
20060111X00044,1,1,28.0,PLT,1400.0,TOTL,ALL
20050331X00388,1,1,,PLT,,,
20101014X52201,1,1,,PLT,,,
20130210X93918,1,1,59.0,PLT,21000.0,TOTL,ALL
20001214X39669,1,1,44.0,PLT,6011.0,TOTL,ALL
20060419X00461,1,1,40.0,PLT,430.0,TOTL,ALL
20001214X40592,1,1,61.0,PLT,196.0,TOTL,ALL
20040830X01315,1,1,,PLT,,,
20050302X00252,1,1,53.0,PLT,3502.0,TOTL,ALL
20171001X70042,1,1,76.0,PLT,,,
20070605X00681,1,1,26.0,PLT,8500.0,TOTL,ALL
20130218X22833,1,1,74.0,PLT,37500.0,TOTL,ALL
20001213X27450,1,1,42.0,PLT,2370.0,TOTL,ALL
20001213X27828,1,1,53.0,PLT,8134.0,TOTL,ALL
20060824X01238,1,1,24.0,PLT,2000.0,TOTL,ALL
20001206X02428,1,1,40.0,PLT,474.0,TOTL,ALL
20001212X19258,1,1,58.0,PLT,9233.0,TOTL,ALL
20031212X02029,1,1,57.0,PLT,15000.0,TOTL,ALL
20120910X05133,1,1,40.0,PLT,757.0,TOTL,ALL
20141103X22603,1,1,,PLT,,,
20001212X19794,1,1,,PLT,1739.0,TOTL,ALL
20140724X61734,1,1,,PLT,,,
20001214X42332,1,1,52.0,PLT,26.0,TOTL,ALL
20100728X92614,1,1,61.0,PLT,14262.0,TOTL,ALL
20001212X18052,1,1,37.0,PLT,1753.0,TOTL,ALL
20120826X42003,1,1,64.0,PLT,26000.0,TOTL,ALL
20001214X38274,1,1,28.0,PLT,4578.0,TOTL,ALL
20001214X38274,2,1,43.0,PLT,5600.0,TOTL,ALL
20001211X10786,1,1,50.0,PLT,3918.0,TOTL,ALL
20020917X04518,1,1,40.0,PLT,2241.0,TOTL,ALL
20090914X13821,1,1,,PLT,,,
20081211X45825,1,1,43.0,PLT,3527.0,TOTL,ALL
20001213X30671,1,1,45.0,PLT,,,
20001207X03980,1,1,,PLT,,,
20001214X41905,1,1,37.0,PLT,7500.0,TOTL,ALL
20150701X20227,1,1,17.0,PLT,55.0,TOTL,ALL
20001214X43900,1,1,50.0,PLT,20000.0,TOTL,ALL
20001214X43900,2,1,39.0,PLT,8040.0,TOTL,ALL
20020917X05047,1,1,33.0,PLT,5620.0,TOTL,ALL
20080610X00823,1,1,,PLT,,,
20080610X00823,1,2,,CPLT,,,
20001207X02893,1,1,33.0,PLT,2200.0,TOTL,ALL
20001207X04274,1,1,42.0,PLT,,,
20060203X00160,1,1,,PLT,,,
20180124X00523,1,1,,PLT,,,
20140529X73728,1,1,62.0,PLT,2174.0,TOTL,ALL
20001213X31622,1,1,49.0,PLT,685.0,TOTL,ALL
20001214X36540,1,1,24.0,PLT,210.0,TOTL,ALL
20070430X00478,1,1,,PLT,,,
20001211X09562,1,1,80.0,PLT,6058.0,TOTL,ALL
20001211X09562,2,1,52.0,PLT,3495.0,TOTL,ALL
20001211X14366,1,1,30.0,PLT,197.0,TOTL,ALL
20150113X15218,1,1,33.0,PLT,,,
20070725X01017,1,1,,PLT,,,
20001213X30228,1,1,50.0,PLT,6468.0,TOTL,ALL
20001212X19655,1,1,47.0,PLT,15.0,TOTL,ALL
20100921X14612,1,1,,PLT,1055.0,TOTL,ALL
20081230X00408,1,1,49.0,PLT,2600.0,TOTL,ALL
20030616X00878,1,1,49.0,PLT,6382.0,TOTL,ALL
20001206X01139,1,1,50.0,PLT,12700.0,TOTL,ALL
20001212X22756,1,1,26.0,PLT,1878.0,TOTL,ALL
20050719X01061,1,1,,PLT,,,
20001214X38623,1,1,50.0,PLT,1450.0,TOTL,ALL
20140507X82921,1,1,,PLT,,,
20001208X05956,1,1,48.0,PLT,20459.0,TOTL,ALL
20120216X03340,1,1,62.0,PLT,22500.0,TOTL,ALL
20001212X23512,1,1,55.0,PLT,17030.0,TOTL,ALL
20001211X12562,1,1,51.0,PLT,250.0,TOTL,ALL
20001214X43729,1,1,34.0,PLT,,,
20180115X33637,1,1,32.0,PLT,,,
20001214X38742,1,1,37.0,PLT,4132.0,TOTL,ALL
20081019X15543,1,1,57.0,PLT,1080.0,TOTL,ALL
20090408X20748,1,1,,PLT,,,
20001211X14307,1,1,59.0,PLT,31000.0,TOTL,ALL
20050317X00328,1,1,45.0,PLT,,,
20070223X00214,1,1,46.0,PLT,1434.0,TOTL,ALL
20001213X32701,1,1,48.0,PLT,11993.0,TOTL,ALL
20001211X11654,1,1,59.0,PLT,8600.0,TOTL,ALL
20120701X53951,1,1,70.0,PLT,4500.0,TOTL,ALL
20040611X00786,1,1,59.0,PLT,22570.0,TOTL,ALL
20020917X02221,1,1,52.0,PLT,1500.0,TOTL,ALL
20160706X42741,1,1,36.0,PLT,323.0,TOTL,ALL
20160706X42741,1,2,43.0,CPLT,756.0,TOTL,ALL
20001214X41844,1,1,42.0,PLT,8400.0,TOTL,ALL
20001206X02607,1,1,,PLT,,,
20100205X21110,1,1,43.0,PLT,3500.0,TOTL,ALL
20070614X00726,1,1,,PLT,,,
20001208X09367,1,1,45.0,PLT,10000.0,TOTL,ALL
20110718X32318,1,2,,CPLT,,,
20090922X41130,1,1,,PLT,,,
20001211X09703,1,1,32.0,PLT,1570.0,TOTL,ALL
20001211X12932,1,1,45.0,PLT,1926.0,TOTL,ALL
20031001X01630,1,1,44.0,PLT,7857.0,TOTL,ALL
20010111X00287,1,1,60.0,PLT,8177.0,TOTL,ALL
20020917X03516,1,1,35.0,PLT,4514.0,TOTL,ALL
20001212X22206,1,1,39.0,PLT,3700.0,TOTL,ALL
20130917X01349,1,1,53.0,PLT,19000.0,TOTL,ALL
20020103X00007,1,1,49.0,PLT,6542.0,TOTL,ALL
20001212X20070,1,1,33.0,PLT,5927.0,TOTL,ALL
20031020X01776,1,1,47.0,PLT,322.0,TOTL,ALL
20001214X44524,1,1,40.0,PLT,7492.0,TOTL,ALL
20111226X15753,1,1,68.0,PLT,11343.0,TOTL,ALL
20080509X00645,1,1,,PLT,,,
20080509X00645,2,1,,PLT,,,
20001211X10618,1,1,,PLT,,,
20001212X20643,1,1,,PLT,,,
20140612X31159,1,1,66.0,PLT,13500.0,TOTL,ALL
20001211X11765,1,1,49.0,PLT,16500.0,TOTL,ALL
20001214X43901,1,1,22.0,PLT,1072.0,TOTL,ALL
20001212X17427,1,1,32.0,PLT,1319.0,TOTL,ALL
20001212X17376,1,1,43.0,PLT,5861.0,TOTL,ALL
20081003X17829,1,1,,PLT,,,
20100621X31143,1,1,48.0,PLT,1000.0,TOTL,ALL
20060419X00458,1,1,46.0,PLT,3074.0,TOTL,ALL
20180427X55413,1,1,34.0,PLT,3200.0,TOTL,ALL
20150110X10017,1,1,59.0,DSTU,91.0,TOTL,ALL
20050111X00037,1,1,54.0,PLT,8000.0,TOTL,ALL
20001214X37470,1,1,,PLT,,,
20001206X01169,1,1,46.0,PLT,7930.0,TOTL,ALL
20010110X00170,1,1,37.0,PLT,8489.0,TOTL,ALL
20001213X30343,1,1,51.0,PLT,11000.0,TOTL,ALL
20130305X21219,1,1,50.0,PLT,7475.0,TOTL,ALL
20030221X00247,1,1,65.0,PLT,19339.0,TOTL,ALL
20010928X02008,1,1,47.0,PLT,5700.0,TOTL,ALL
20001212X20136,1,1,54.0,PLT,11140.0,TOTL,ALL
20030808X01293,1,1,,PLT,,,
20001205X00513,1,1,,PLT,,,
20100311X95021,1,1,,PLT,,,
20071213X01937,1,1,42.0,PLT,2678.0,TOTL,ALL
20001213X31929,1,1,45.0,PLT,6800.0,TOTL,ALL
20001213X31929,2,1,46.0,PLT,20239.0,TOTL,ALL
20001213X32539,1,1,32.0,PLT,772.0,TOTL,ALL
20150527X24117,1,1,51.0,PLT,1479.0,TOTL,ALL
20031219X02066,1,1,37.0,PLT,329.0,TOTL,ALL
20001208X05597,1,1,47.0,PLT,722.0,TOTL,ALL
20041104X01761,1,1,,PLT,,,
20160810X82409,1,1,58.0,FLTI,2211.0,TOTL,ALL
20160810X82409,1,2,43.0,DSTU,63.70000079999999,TOTL,ALL
20001212X23968,1,1,42.0,PLT,5043.0,TOTL,ALL
20001212X18337,1,1,35.0,PLT,3000.0,TOTL,ALL
20150903X44600,1,1,57.0,PLT,5350.0,TOTL,ALL
20150101X15630,1,1,48.0,PLT,1413.0,TOTL,ALL
20071119X01805,1,1,24.0,PLT,988.0,TOTL,ALL
20001208X05420,1,1,36.0,PLT,367.0,TOTL,ALL
20121019X62323,1,1,,PLT,,,
20020708X01056,1,1,32.0,PLT,5065.0,TOTL,ALL
20001208X06097,1,1,22.0,PLT,121.0,TOTL,ALL
20140819X50947,1,1,51.0,PLT,13500.0,TOTL,ALL
20150703X00859,1,1,64.0,PLT,13231.0,TOTL,ALL
20001208X07024,1,1,44.0,PLT,5378.0,TOTL,ALL
20180710X84002,1,1,,PLT,,,
20001208X05655,1,1,41.0,PLT,4537.0,TOTL,ALL
20001208X06998,1,1,51.0,PLT,1157.0,TOTL,ALL
20100803X14134,1,1,,PLT,,,
20070430X00482,1,1,45.0,PLT,530.0,TOTL,ALL
20180912X65838,1,1,74.0,PLT,,,
20020620X00942,1,1,,PLT,,,
20010110X00259,1,1,37.0,PLT,4733.0,TOTL,ALL
20010104X00011,1,1,40.0,PLT,3050.0,TOTL,ALL
20001212X16772,1,1,42.0,PLT,8000.0,TOTL,ALL
20001212X16772,2,1,30.0,PLT,1876.0,TOTL,ALL
20001208X07879,1,1,53.0,PLT,17000.0,TOTL,ALL
20001214X44558,1,1,42.0,PLT,4000.0,TOTL,ALL
20001208X08989,1,1,,PLT,,,
20001212X18121,1,1,34.0,PLT,36.0,TOTL,ALL
20001205X00516,1,1,,PLT,,,
20001212X19082,1,1,51.0,PLT,6330.0,TOTL,ALL
20001208X08741,1,1,48.0,PLT,9700.0,TOTL,ALL
20040920X01463,1,1,29.0,PLT,2475.0,TOTL,ALL
20001206X02032,1,1,47.0,PLT,4650.0,TOTL,ALL
20020318X00356,1,1,,PLT,,,
20130427X30522,1,1,81.0,PLT,7500.0,TOTL,ALL
20001213X33858,1,1,42.0,PLT,6000.0,TOTL,ALL
20010907X01903,1,1,37.0,PLT,3889.0,TOTL,ALL
20010907X01903,1,2,28.0,CPLT,1354.0,TOTL,ALL
20010907X01903,1,4,28.0,CPLT,1354.0,TOTL,ALL
20001214X38587,1,1,55.0,PLT,7645.0,TOTL,ALL
20050601X00697,1,1,,PLT,,,
20001207X04514,1,1,28.0,PLT,3200.0,TOTL,ALL
20001214X38388,1,1,37.0,PLT,5489.0,TOTL,ALL
20001212X20133,1,1,,PLT,,,
20130607X04715,1,1,61.0,PLT,4937.0,TOTL,ALL
20001205X00392,1,1,45.0,PLT,16800.0,TOTL,ALL
20001212X17308,1,1,46.0,PLT,1750.0,TOTL,ALL
20001211X14716,1,1,43.0,PLT,5253.0,TOTL,ALL
20001212X19426,1,1,28.0,PLT,1616.0,TOTL,ALL
20001213X28591,1,1,31.0,PLT,96.0,TOTL,ALL
20110501X14924,1,1,56.0,PLT,1450.0,TOTL,ALL
20131029X92724,1,1,,PLT,,,
20150824X33328,1,1,,PLT,,,
20001208X08647,1,1,,PLT,,,
20171120X90940,1,1,25.0,PLT,2100.0,TOTL,ALL
20140407X83620,1,1,38.0,PLT,7800.0,TOTL,ALL
20150116X44922,1,1,,PLT,,,
20001212X16901,1,1,44.0,PLT,10965.0,TOTL,ALL
20001208X06001,1,1,,PLT,,,
20001213X35123,1,1,36.0,PLT,9961.0,TOTL,ALL
20001212X24491,1,1,33.0,PLT,1700.0,TOTL,ALL
20001207X02908,1,1,57.0,PLT,11000.0,TOTL,ALL
20150308X10201,1,1,52.0,PLT,2614.0,TOTL,ALL
20001208X06560,1,1,33.0,PLT,2750.0,TOTL,ALL
20001207X02955,1,1,32.0,PLT,3755.0,TOTL,ALL
20001212X19085,1,1,61.0,PLT,1900.0,TOTL,ALL
20001208X08109,1,1,34.0,PLT,2345.0,TOTL,ALL
20001208X08109,2,1,56.0,PLT,11000.0,TOTL,ALL
20131022X92949,1,1,47.0,PLT,2441.0,TOTL,ALL
20001211X11754,1,1,46.0,PLT,11000.0,TOTL,ALL
20051003X01565,1,1,43.0,PLT,2814.0,TOTL,ALL
20001213X31293,1,1,22.0,PLT,451.0,TOTL,ALL
20001207X04591,1,1,42.0,PLT,3056.0,TOTL,ALL
20001214X42536,1,1,20.0,PLT,748.0,TOTL,ALL
20001211X13752,1,1,36.0,PLT,3600.0,TOTL,ALL
20110528X94407,1,1,50.0,DSTU,110.0,TOTL,ALL
20121210X32953,1,1,65.0,PLT,7619.0,TOTL,ALL
20181019X05527,1,1,47.0,PLT,638.0,TOTL,ALL
20001206X00943,1,1,33.0,PLT,6000.0,TOTL,ALL
20001211X10342,1,1,45.0,PLT,3170.0,TOTL,ALL
20090317X75000,1,1,,PLT,,,
20140208X05221,1,1,49.0,PLT,334.799988,TOTL,ALL
20001212X20970,1,1,48.0,PLT,20478.0,TOTL,ALL
20001214X42796,1,1,41.0,PLT,8500.0,TOTL,ALL
20021001X05251,1,1,55.0,PLT,5450.0,TOTL,ALL
20001212X22848,1,1,39.0,PLT,7200.0,TOTL,ALL
20001211X09534,1,1,,PLT,,,
20011025X02148,1,1,31.0,PLT,1529.0,TOTL,ALL
20001211X14096,1,1,47.0,PLT,10000.0,TOTL,ALL
20030514X00663,1,1,28.0,PLT,2029.0,TOTL,ALL
20030514X00663,1,2,49.0,KPLT,8800.0,TOTL,ALL
20170604X12618,1,1,68.0,PLT,4225.0,TOTL,ALL
20001211X11777,1,1,46.0,PLT,349.0,TOTL,ALL
20001211X11777,2,1,25.0,PLT,1047.0,TOTL,ALL
20001212X17690,1,1,64.0,PLT,1964.0,TOTL,ALL
20110926X50902,1,1,46.0,PLT,335.0,TOTL,ALL
20040630X00886,1,1,26.0,PLT,294.0,TOTL,ALL
20040630X00886,1,2,32.0,DSTU,118.0,TOTL,ALL
20001213X28450,1,1,52.0,PLT,12400.0,TOTL,ALL
20020917X04628,1,1,24.0,PLT,290.0,TOTL,ALL
20121130X74908,1,1,60.0,PLT,31500.0,TOTL,ALL
20001212X22620,1,1,26.0,PLT,1515.0,TOTL,ALL
20001214X41551,1,1,37.0,PLT,1398.0,TOTL,ALL
20080808X01192,1,1,70.0,PLT,24000.0,TOTL,ALL
20141023X01333,1,1,55.0,PLT,959.0,TOTL,ALL
20141023X01333,2,1,29.0,FLTI,832.0,TOTL,ALL
20141023X01333,2,2,47.0,PLT,2850.0,TOTL,ALL
20001214X39035,1,1,34.0,PLT,3045.0,TOTL,ALL
20001213X34337,1,1,53.0,PLT,10541.0,TOTL,ALL
20001211X12657,1,1,39.0,PLT,12000.0,TOTL,ALL
20001211X10709,1,1,49.0,PLT,25000.0,TOTL,ALL
20001211X15706,1,1,44.0,PLT,7021.0,TOTL,ALL
20100919X72723,1,1,67.0,PLT,4000.0,TOTL,ALL
20001206X02308,1,1,34.0,PLT,2000.0,TOTL,ALL
20001211X13627,1,1,55.0,PLT,16027.0,TOTL,ALL
20001213X35388,1,1,68.0,PLT,2000.0,TOTL,ALL
20020917X03505,1,1,32.0,PLT,2699.0,TOTL,ALL
20001213X27467,1,1,40.0,PLT,3890.0,TOTL,ALL
20001212X16779,1,1,42.0,PLT,,,
20001214X37616,1,1,39.0,PLT,,,
20001214X38363,1,1,49.0,PLT,8500.0,TOTL,ALL
20001206X01268,1,1,30.0,PLT,4045.0,TOTL,ALL
20001211X11143,1,1,,PLT,,,
20080520X00702,1,1,39.0,PLT,3950.0,TOTL,ALL
20001213X29865,1,1,46.0,PLT,741.0,TOTL,ALL
20020917X03079,1,1,54.0,PLT,43.0,TOTL,ALL
20001205X00332,1,1,49.0,PLT,11800.0,TOTL,ALL
20001213X31136,1,1,41.0,PLT,4050.0,TOTL,ALL
20131021X13307,1,1,,PLT,,,
20121203X01110,1,1,49.0,PLT,4000.0,TOTL,ALL
20090611X91250,1,1,61.0,PLT,3200.0,TOTL,ALL
20010226X00511,1,1,50.0,PLT,20150.0,TOTL,ALL
20121104X05051,1,1,48.0,PLT,2933.0,TOTL,ALL
20110725X05443,1,1,22.0,PLT,1192.0,TOTL,ALL
20160504X30424,1,1,61.0,PLT,20678.0,TOTL,ALL
20130102X35708,1,1,53.0,PLT,2808.0,TOTL,ALL
20140414X95907,1,1,,PLT,,,
20001212X18681,1,1,66.0,PLT,18000.0,TOTL,ALL
20040715X00983,1,1,59.0,FLTI,6300.0,TOTL,ALL
20040715X00983,1,2,59.0,FLTI,30.0,TOTL,ALL
20001213X33675,1,1,22.0,PLT,1180.0,TOTL,ALL
20020917X05140,1,1,46.0,PLT,328.0,TOTL,ALL
20180130X82722,1,1,60.0,PLT,,,
20001211X11079,1,1,51.0,PLT,14500.0,TOTL,ALL
20001208X06380,1,1,29.0,PLT,3600.0,TOTL,ALL
20001212X22657,1,1,41.0,PLT,9000.0,TOTL,ALL
20001211X10290,1,1,46.0,PLT,2950.0,TOTL,ALL
20120709X83554,1,1,61.0,FLTI,10625.0,TOTL,ALL
20120709X83554,1,2,51.0,DSTU,80.0,TOTL,ALL
20001206X02610,1,1,46.0,PLT,90.0,TOTL,ALL
20150924X44711,1,1,,PLT,,,
20150924X44711,1,2,,CPLT,,,
20001212X18184,1,1,28.0,PLT,100.0,TOTL,ALL
20001212X21759,1,1,52.0,PLT,9854.0,TOTL,ALL
20001206X02622,1,1,60.0,PLT,9234.0,TOTL,ALL
20001213X27634,1,1,40.0,PLT,4128.0,TOTL,ALL
20001214X36145,1,1,37.0,PLT,4445.0,TOTL,ALL
20010525X01016,1,1,65.0,PLT,6188.0,TOTL,ALL
20001208X09034,1,1,54.0,PLT,14000.0,TOTL,ALL
20120901X63404,1,1,61.0,PLT,18.0,TOTL,ALL
20001213X34539,1,1,49.0,PLT,16272.0,TOTL,ALL
20001214X37011,1,1,59.0,PLT,9000.0,TOTL,ALL
20180708X12242,1,1,85.0,PLT,5693.0,TOTL,ALL
20001212X19797,1,1,45.0,PLT,8276.0,TOTL,ALL
20001211X13716,1,1,37.0,PLT,3091.0,TOTL,ALL
20001212X19083,1,1,49.0,PLT,6859.0,TOTL,ALL
20020917X04814,1,1,,PLT,14.0,TOTL,ALL
20001213X32873,1,1,37.0,PLT,60.0,TOTL,ALL
20140224X34950,1,1,,PLT,,,
20001211X13940,1,1,52.0,PLT,5000.0,TOTL,ALL
20001207X03277,1,1,37.0,PLT,1589.0,TOTL,ALL
20050718X01046,1,1,36.0,PLT,743.0,TOTL,ALL
20001226X45492,1,1,,PLT,,,
20070926X01448,1,1,,PLT,,,
20060111X00053,1,1,,PLT,,,
20060208X00181,1,1,21.0,PLT,1369.0,TOTL,ALL
20061018X01533,1,1,,PLT,,,
20031224X02089,1,1,,PLT,,,
20031224X02089,1,2,,CPLT,,,
20001213X34016,1,1,37.0,PLT,,,
20130403X65155,1,1,53.0,PLT,6840.0,TOTL,ALL
20001212X22042,1,1,,PLT,,,
20080909X01417,1,1,43.0,PLT,5493.0,TOTL,ALL
20001213X35310,1,1,40.0,PLT,4570.0,TOTL,ALL
20030204X00160,1,1,52.0,PLT,12000.0,TOTL,ALL
20001214X36936,1,1,50.0,PLT,13700.0,TOTL,ALL
20001207X05018,1,1,47.0,PLT,6411.0,TOTL,ALL
20060228X00255,1,1,39.0,FLTI,1191.0,TOTL,ALL
20001206X00756,1,1,42.0,PLT,6270.0,TOTL,ALL
20001212X17917,1,1,33.0,PLT,10000.0,TOTL,ALL
20020917X03457,1,1,38.0,PLT,201.0,TOTL,ALL
20001211X12472,1,1,45.0,PLT,18970.0,TOTL,ALL
20111130X25004,1,1,56.0,PLT,1659.0,TOTL,ALL
20001206X01866,1,1,52.0,PLT,2514.0,TOTL,ALL
20001213X27029,1,1,43.0,PLT,6212.0,TOTL,ALL
20001211X09500,1,1,33.0,PLT,2500.0,TOTL,ALL
20001211X12018,1,1,,PLT,,,
20180821X62945,1,1,58.0,FLTI,,,
20180821X62945,1,2,27.0,PLT,,,
20001212X20171,1,1,46.0,PLT,15000.0,TOTL,ALL
20001212X18648,1,1,49.0,PLT,3255.0,TOTL,ALL
20101103X83727,1,1,50.0,PLT,15800.0,TOTL,ALL
20001213X27246,1,1,43.0,PLT,8819.0,TOTL,ALL
20001213X31952,1,1,56.0,PLT,604.0,TOTL,ALL
20021029X05403,1,1,,PLT,,,
20021029X05403,1,2,,CPLT,,,
20081201X75402,1,1,,PLT,,,
20170525X33813,1,1,37.0,PLT,4200.0,TOTL,ALL
20001214X35535,1,1,36.0,PLT,2573.0,TOTL,ALL
20001213X28110,1,1,31.0,PLT,107.0,TOTL,ALL
20030630X00972,1,1,55.0,PLT,12766.0,TOTL,ALL
20150116X65836,1,1,51.0,PLT,,,
20001214X41878,1,1,45.0,PLT,,,
20020917X01653,1,1,41.0,PLT,2618.0,TOTL,ALL
20020529X00761,1,1,46.0,PLT,2000.0,TOTL,ALL
20001212X23076,1,1,50.0,PLT,,,
20001207X04992,1,1,41.0,PLT,4685.0,TOTL,ALL
20131206X95526,1,1,52.0,PLT,10800.0,TOTL,ALL
20150330X73700,1,1,40.0,PLT,6471.0,TOTL,ALL
20001212X24267,1,1,45.0,PLT,7907.0,TOTL,ALL
20001212X16318,1,1,53.0,PLT,10803.0,TOTL,ALL
20140518X03315,1,1,26.0,PLT,2125.0,TOTL,ALL
20001214X36349,1,1,35.0,PLT,,,
20020917X02147,1,1,34.0,PLT,5600.0,TOTL,ALL
20020917X01753,1,1,40.0,PLT,6000.0,TOTL,ALL
20170710X10920,1,1,26.0,PLT,608.0,TOTL,ALL
20020917X02098,1,1,42.0,PLT,3500.0,TOTL,ALL
20001212X20042,1,1,50.0,PLT,65.0,TOTL,ALL
20001208X08894,1,1,50.0,PLT,10000.0,TOTL,ALL
20001207X03807,1,1,50.0,PLT,8628.0,TOTL,ALL
20001211X12129,1,1,78.0,PLT,4600.0,TOTL,ALL
20150128X02848,1,1,23.0,FLTI,1223.30005,TOTL,ALL
20150128X02848,1,2,25.0,DSTU,65.8000031,TOTL,ALL
20020917X03218,1,1,46.0,PLT,7800.0,TOTL,ALL
20001206X01729,1,1,49.0,PLT,15207.0,TOTL,ALL
20140723X81618,1,1,40.0,PLT,237.0,TOTL,ALL
20100628X40547,1,1,,PLT,,,
20030701X00975,1,1,43.0,DSTU,114.0,TOTL,ALL
20050927X01538,1,1,35.0,PLT,877.0,TOTL,ALL
20001212X23286,1,1,31.0,PLT,4615.0,TOTL,ALL
20010522X00993,1,1,59.0,PLT,11200.0,TOTL,ALL
20010522X00993,1,2,,DSTU,,,
20001205X00318,1,1,31.0,PLT,215.0,TOTL,ALL
20001212X24624,1,1,29.0,PLT,160.0,TOTL,ALL
20121115X43423,1,1,24.0,PLT,1633.0,TOTL,ALL
20021016X05324,1,1,,PLT,,,
20001206X02079,1,1,37.0,PLT,1929.0,TOTL,ALL
20001211X14108,1,1,47.0,PLT,9993.0,TOTL,ALL
20080215X00197,1,1,,PLT,,,
20001213X29968,1,1,34.0,PLT,4123.0,TOTL,ALL
20040913X01406,1,1,29.0,FLTI,332.0,TOTL,ALL
20040913X01406,1,2,37.0,PLT,133.0,TOTL,ALL
20001208X07111,1,1,,PLT,,,
20081217X81906,1,1,32.0,PLT,5022.0,TOTL,ALL
20001212X18906,1,1,29.0,PLT,650.0,TOTL,ALL
20180705X51303,1,1,39.0,PLT,650.0,TOTL,ALL
20001213X30040,1,1,39.0,PLT,3365.0,TOTL,ALL
20060824X01237,1,1,42.0,PLT,4386.0,TOTL,ALL
20001206X01950,1,1,34.0,PLT,1417.0,TOTL,ALL
20001214X36448,1,1,33.0,PLT,2433.0,TOTL,ALL
20150625X05216,1,1,,PLT,,,
20010320X00611,1,1,38.0,PLT,3726.0,TOTL,ALL
20060916X01352,1,1,41.0,PLT,11900.0,TOTL,ALL
20001213X26235,1,1,47.0,PLT,11687.0,TOTL,ALL
20001208X07748,1,1,44.0,PLT,21.0,TOTL,ALL
20001212X20685,1,1,42.0,PLT,6506.0,TOTL,ALL
20010327X00654,1,1,49.0,PLT,16347.0,TOTL,ALL
20010327X00654,1,2,55.0,CPLT,12211.0,TOTL,ALL
20051003X01564,1,1,26.0,PLT,260.0,TOTL,ALL
20001211X12342,1,1,40.0,PLT,4970.0,TOTL,ALL
20001212X24270,1,1,20.0,PLT,1000.0,TOTL,ALL
20020917X04638,1,1,35.0,PLT,1873.0,TOTL,ALL
20020917X04638,2,1,28.0,PLT,2008.0,TOTL,ALL
20001213X32380,1,1,76.0,PLT,204.0,TOTL,ALL
20001211X14765,1,1,49.0,PLT,1515.0,TOTL,ALL
20120124X90813,1,1,,PLT,,,
20021126X05533,1,1,35.0,PLT,125.0,TOTL,ALL
20001206X01039,1,1,45.0,PLT,4094.0,TOTL,ALL
20111219X52459,1,1,,PLT,,,
20040720X01007,1,1,41.0,PLT,2133.0,TOTL,ALL
20040514X00605,1,1,41.0,PLT,9500.0,TOTL,ALL
20020917X03208,1,1,44.0,PLT,670.0,TOTL,ALL
20001211X14053,1,1,51.0,PLT,16335.0,TOTL,ALL
20001206X01763,1,1,49.0,PLT,12800.0,TOTL,ALL
20001213X30855,1,1,63.0,PLT,1800.0,TOTL,ALL
20100705X12909,1,1,55.0,PLT,611.0,TOTL,ALL
20001214X36887,1,1,49.0,PLT,8672.0,TOTL,ALL
20001214X36887,2,1,29.0,PLT,1744.0,TOTL,ALL
20001213X26926,1,1,30.0,PLT,5850.0,TOTL,ALL
20001214X41426,1,1,39.0,PLT,4000.0,TOTL,ALL
20030612X00866,1,1,49.0,PLT,417.0,TOTL,ALL
20001208X06130,1,1,53.0,PLT,1700.0,TOTL,ALL
20001212X22415,1,1,54.0,PLT,12075.0,TOTL,ALL
20040426X00513,1,1,42.0,PLT,3847.0,TOTL,ALL
20001212X21749,1,1,,PLT,,,
20001206X00635,1,1,46.0,PLT,7000.0,TOTL,ALL
20060425X00485,1,1,48.0,PLT,937.0,TOTL,ALL
20001211X15431,1,1,30.0,PLT,4152.0,TOTL,ALL
20120119X92431,1,1,40.0,PLT,8700.0,TOTL,ALL
20120119X92431,1,2,43.0,PLT,450.0,TOTL,ALL
20150702X24434,1,1,31.0,FLTI,354.600006,TOTL,ALL
20150702X24434,1,2,29.0,DSTU,55.20000079999999,TOTL,ALL
20140812X50722,1,1,47.0,PLT,4500.0,TOTL,ALL
20001212X22875,1,1,49.0,PLT,10500.0,TOTL,ALL
20001214X42973,1,1,59.0,PLT,6044.0,TOTL,ALL
20001212X21287,1,1,49.0,PLT,4000.0,TOTL,ALL
20060224X00229,1,1,,PLT,,,
20001212X21750,1,1,,PLT,,,
20011219X02422,1,1,47.0,PLT,14351.0,TOTL,ALL
20001211X12950,1,1,39.0,PLT,1400.0,TOTL,ALL
20001212X19976,1,1,38.0,PLT,2586.0,TOTL,ALL
20001212X18461,1,1,44.0,PLT,11095.0,TOTL,ALL
20001212X18798,1,1,65.0,PLT,4341.0,TOTL,ALL
20080321X00357,1,1,51.0,PLT,1254.0,TOTL,ALL
20081014X22933,1,1,36.0,PLT,5900.0,TOTL,ALL
20180311X13013,1,1,33.0,PLT,3100.0,TOTL,ALL
20001213X33592,1,1,49.0,PLT,7575.0,TOTL,ALL
20001212X16603,1,1,40.0,PLT,12200.0,TOTL,ALL
20130728X45845,1,1,30.0,PLT,1335.0,TOTL,ALL
20070614X00729,1,1,63.0,DSTU,160.0,TOTL,ALL
20011030X02163,1,1,40.0,PLT,4500.0,TOTL,ALL
20060306X00267,1,1,,PLT,,,
20001206X00656,1,1,48.0,PLT,10138.0,TOTL,ALL
20031202X01980,1,1,,PLT,,,
20001208X08524,1,1,53.0,PLT,13400.0,TOTL,ALL
20001212X20115,1,1,,PLT,,,
20001206X02694,1,1,42.0,PLT,5000.0,TOTL,ALL
20171001X01929,1,1,,PLT,486.0,TOTL,ALL
20150313X72113,1,1,41.0,PLT,2385.0,TOTL,ALL
20001212X20690,1,1,28.0,PLT,2767.0,TOTL,ALL
20131007X44153,1,1,34.0,PLT,4550.0,TOTL,ALL
20130831X54252,1,1,34.0,PLT,1153.0,TOTL,ALL
20001214X35596,1,1,34.0,PLT,4000.0,TOTL,ALL
20001213X35064,1,1,30.0,PLT,1647.0,TOTL,ALL
20101030X30541,1,1,40.0,PLT,1682.0,TOTL,ALL
20151211X13514,1,1,49.0,PLT,,,
20090522X74730,1,1,41.0,PLT,270.0,TOTL,ALL
20001213X32944,1,1,42.0,PLT,4711.0,TOTL,ALL
20001211X12994,1,1,,PLT,,,
20121128X12341,1,1,42.0,PLT,2700.0,TOTL,ALL
20001207X03189,1,1,51.0,PLT,9968.0,TOTL,ALL
20020927X05236,1,1,39.0,PLT,2670.0,TOTL,ALL
20001211X10621,1,1,52.0,PLT,13000.0,TOTL,ALL
20160907X40243,1,1,,PLT,,,
20001208X07309,1,1,28.0,PLT,1974.0,TOTL,ALL
20001212X17571,1,1,50.0,PLT,6656.0,TOTL,ALL
20001212X20863,1,1,33.0,PLT,1680.0,TOTL,ALL
20061122X01705,1,1,38.0,PLT,7770.0,TOTL,ALL
20001214X40609,1,1,53.0,PLT,4012.0,TOTL,ALL
20001212X18117,1,1,23.0,PLT,1757.0,TOTL,ALL
20170421X84716,1,1,60.0,PLT,3600.0,TOTL,ALL
20001213X30235,1,1,47.0,PLT,6387.0,TOTL,ALL
20081003X62956,1,1,,FLTI,,,
20081003X62956,1,2,,DSTU,,,
20100831X75841,1,1,35.0,PLT,3312.0,TOTL,ALL
20061221X01822,1,1,,PLT,,,
20100602X63138,1,1,44.0,PLT,6500.0,TOTL,ALL
20160328X03918,1,1,81.0,PLT,2330.0,TOTL,ALL
20020917X02862,1,1,64.0,PLT,227.0,TOTL,ALL
20001208X07806,1,1,52.0,PLT,9400.0,TOTL,ALL
20020918X05173,1,1,46.0,PLT,3588.0,TOTL,ALL
20130619X05459,1,1,44.0,PLT,2794.0,TOTL,ALL
20091112X13537,1,1,,PLT,,,
20001212X20758,1,1,38.0,PLT,4367.0,TOTL,ALL
20170505X84435,1,1,,PLT,,,
20070817X01199,1,1,,PLT,,,
20180107X10632,1,1,,PLT,,,
20180107X10632,2,1,,PLT,,,
20180107X10632,2,2,,CPLT,,,
20001212X20971,1,1,37.0,PLT,3000.0,TOTL,ALL
20001211X10286,1,1,,PLT,,,
20001208X08030,1,1,51.0,PLT,7950.0,TOTL,ALL
20001208X07324,1,1,45.0,PLT,7243.0,TOTL,ALL
20001205X00485,1,1,42.0,PLT,10920.0,TOTL,ALL
20020917X02228,1,1,46.0,PLT,8450.0,TOTL,ALL
20070322X00320,1,1,30.0,PLT,2041.0,TOTL,ALL
20010801X01580,1,1,65.0,PLT,,,
20001206X00975,1,1,42.0,PLT,8250.0,TOTL,ALL
20001212X21492,1,1,,PLT,,,
20100303X04933,1,1,,PLT,,,
20071231X02014,1,1,49.0,PLT,2870.0,TOTL,ALL
20060306X00268,1,1,32.0,FLTI,220.0,TOTL,ALL
20060306X00268,1,2,24.0,DSTU,4.0,TOTL,ALL
20001208X05161,1,1,56.0,PLT,7000.0,TOTL,ALL
20001214X39682,1,1,54.0,PLT,4142.0,TOTL,ALL
20120529X90616,1,1,29.0,PLT,1703.0,TOTL,ALL
20090920X34134,1,1,34.0,FLTI,1012.0,TOTL,ALL
20090920X34134,1,2,32.0,DSTU,205.0,TOTL,ALL
20080505X00592,1,1,65.0,PLT,,,
20001211X10412,1,1,32.0,PLT,5646.0,TOTL,ALL
20001214X35445,1,1,39.0,PLT,13350.0,TOTL,ALL
20001214X44195,1,1,36.0,PLT,,,
20001212X20660,1,1,50.0,DSTU,141.0,TOTL,ALL
20040921X01470,1,1,,PLT,,,
20080710X01015,1,1,27.0,FLTI,589.0,TOTL,ALL
20080710X01015,1,2,39.0,PLT,1496.0,TOTL,ALL
20001211X13480,1,1,43.0,PLT,9066.0,TOTL,ALL
20161006X22914,1,1,48.0,PLT,15000.0,TOTL,ALL
20010626X01256,1,1,40.0,PLT,2441.0,TOTL,ALL
20001212X21275,1,1,54.0,PLT,,,
20001207X03274,1,1,52.0,PLT,6139.0,TOTL,ALL
20001206X01556,1,1,67.0,PLT,1200.0,TOTL,ALL
20080529X00752,1,1,50.0,PLT,2360.0,TOTL,ALL
20001212X21168,1,1,37.0,PLT,378.0,TOTL,ALL
20020808X01330,1,1,52.0,PLT,7730.0,TOTL,ALL
20030730X01223,1,1,44.0,PLT,12200.0,TOTL,ALL
20020917X04646,1,1,44.0,PLT,200.0,TOTL,ALL
20001214X41423,1,1,49.0,PLT,5445.0,TOTL,ALL
20001214X43780,1,1,62.0,PLT,14546.0,TOTL,ALL
20070611X00709,1,1,,PLT,,,
20020311X00326,1,1,,PLT,,,
20001213X27602,1,1,37.0,PLT,273.0,TOTL,ALL
20001214X42653,1,1,29.0,PLT,1753.0,TOTL,ALL
20150322X92548,1,1,48.0,PLT,124.0,TOTL,ALL
20160218X71040,1,1,35.0,PLT,900.0,TOTL,ALL
20170522X85729,1,1,,PLT,,,
20101114X90431,1,1,66.0,PLT,35620.0,TOTL,ALL
20001214X41186,1,1,27.0,PLT,1228.0,TOTL,ALL
20100214X92140,1,1,63.0,PLT,11045.0,TOTL,ALL
20001212X22284,1,1,38.0,PLT,5241.0,TOTL,ALL
20060607X00691,1,1,58.0,PLT,15613.0,TOTL,ALL
20001208X07172,1,1,38.0,PLT,4450.0,TOTL,ALL
20001212X23699,1,1,39.0,PLT,1127.0,TOTL,ALL
20001212X20381,1,1,49.0,PLT,5873.0,TOTL,ALL
20001214X35715,1,1,41.0,PLT,7500.0,TOTL,ALL
20001207X04764,1,1,48.0,PLT,1932.0,TOTL,ALL
20130921X71327,1,1,51.0,PLT,1856.0,TOTL,ALL
20020917X04529,1,1,28.0,PLT,2011.0,TOTL,ALL
20001211X09996,1,1,40.0,PLT,5300.0,TOTL,ALL
20060419X00457,1,1,28.0,PLT,350.0,TOTL,ALL
20170207X10319,1,1,30.0,PLT,1702.0,TOTL,ALL
20141202X73240,1,1,65.0,PLT,5500.0,TOTL,ALL
20171206X02103,1,1,,PLT,,,
20001211X12256,1,1,51.0,PLT,8500.0,TOTL,ALL
20070530X00664,1,1,46.0,PLT,5526.0,TOTL,ALL
20040202X00141,1,1,61.0,PLT,14191.0,TOTL,ALL
20001212X16696,1,1,37.0,PLT,9743.0,TOTL,ALL
20020322X00384,1,1,50.0,PLT,9900.0,TOTL,ALL
20001212X21095,1,1,43.0,PLT,4715.0,TOTL,ALL
20001211X14555,1,1,32.0,PLT,116.0,TOTL,ALL
20020917X02096,1,1,57.0,PLT,13982.0,TOTL,ALL
20100526X84456,1,1,31.0,PLT,206.0,TOTL,ALL
20100526X84456,1,2,58.0,KPLT,8898.0,TOTL,ALL
20060327X00354,1,1,39.0,PLT,4019.0,TOTL,ALL
20001213X27186,1,1,41.0,PLT,756.0,TOTL,ALL
20001208X06970,1,1,21.0,PLT,158.0,TOTL,ALL
20001213X33699,1,1,39.0,PLT,11250.0,TOTL,ALL
20001213X29473,1,1,51.0,PLT,8242.0,TOTL,ALL
20040629X00884,1,1,41.0,PLT,2300.0,TOTL,ALL
20040811X01199,1,1,54.0,PLT,1211.0,TOTL,ALL
20001206X01731,1,1,46.0,PLT,8076.0,TOTL,ALL
20010216X00461,1,1,47.0,PLT,2900.0,TOTL,ALL
20010216X00461,1,2,59.0,DSTU,,,
20010216X00461,1,3,59.0,DSTU,2.0,TOTL,ALL
20020917X02105,1,1,40.0,PLT,8126.0,TOTL,ALL
20040218X00200,1,1,,PLT,,,
20001211X10358,1,1,30.0,PLT,1120.0,TOTL,ALL
20001211X12016,1,1,48.0,PLT,4100.0,TOTL,ALL
20001214X40084,1,1,45.0,PLT,2186.0,TOTL,ALL
20170812X42809,1,1,,PLT,,,
20001208X07932,1,1,,PLT,,,
20160906X60042,1,1,57.0,PLT,6053.0,TOTL,ALL
20160906X60042,1,2,45.0,CPLT,4090.0,TOTL,ALL
20011120X02275,1,1,51.0,PLT,790.0,TOTL,ALL
20001213X28179,1,1,74.0,PLT,,,
20091114X82100,1,1,39.0,PLT,6055.0,TOTL,ALL
20171017X22730,1,1,27.0,DSTU,,,
20171017X22730,1,2,25.0,FLTI,,,
20001208X05886,1,1,66.0,PLT,1412.0,TOTL,ALL
20001213X35045,1,1,48.0,PLT,850.0,TOTL,ALL
20001208X05222,1,1,71.0,PLT,519.0,TOTL,ALL
20001208X08415,1,1,50.0,PLT,11000.0,TOTL,ALL
20051116X01844,1,1,44.0,PLT,1050.0,TOTL,ALL
20001214X40262,1,1,39.0,PLT,5000.0,TOTL,ALL
20030807X01277,1,1,50.0,PLT,2815.0,TOTL,ALL
20001206X01486,1,1,50.0,PLT,750.0,TOTL,ALL
20070226X00225,1,1,64.0,PLT,2037.0,TOTL,ALL
20020401X00432,1,1,58.0,PLT,25800.0,TOTL,ALL
20020401X00432,1,2,38.0,CPLT,295.0,TOTL,ALL
20020702X01040,1,1,51.0,PLT,502.0,TOTL,ALL
20001212X21657,1,1,31.0,PLT,756.0,TOTL,ALL
20001212X20566,1,1,,PLT,,,
20001214X36910,1,1,36.0,PLT,3914.0,TOTL,ALL
20070405X00374,1,1,38.0,PLT,462.0,TOTL,ALL
20070405X00374,1,2,24.0,DSTU,10.0,TOTL,ALL
20001213X34694,1,1,36.0,PLT,8085.0,TOTL,ALL
20001213X33585,1,1,41.0,PLT,4000.0,TOTL,ALL
20001211X14306,1,1,32.0,PLT,5750.0,TOTL,ALL
20001214X40891,1,1,39.0,PLT,4100.0,TOTL,ALL
20020626X00978,1,1,44.0,PLT,14000.0,TOTL,ALL
20001208X07554,1,1,,PLT,,,
20020329X00422,1,1,56.0,PLT,11184.0,TOTL,ALL
20001208X07963,1,1,44.0,PLT,250.0,TOTL,ALL
20150428X84204,1,1,44.0,PLT,5512.0,TOTL,ALL
20001212X24202,1,1,39.0,PLT,27.0,TOTL,ALL
20001213X27101,1,1,32.0,PLT,54.0,TOTL,ALL
20001206X02173,1,1,35.0,PLT,790.0,TOTL,ALL
20061220X01815,1,1,46.0,PLT,3162.0,TOTL,ALL
20150817X61230,1,1,,PLT,,,
20001211X14163,1,1,,PLT,,,
20001214X36387,1,1,37.0,PLT,1660.0,TOTL,ALL
20100306X05331,1,1,40.0,PLT,1000.0,TOTL,ALL
20001205X00193,1,1,70.0,PLT,32600.0,TOTL,ALL
20180520X40635,1,1,38.0,PLT,,,
20001214X38101,1,1,52.0,PLT,7377.0,TOTL,ALL
20001211X11437,1,1,50.0,PLT,16000.0,TOTL,ALL
20061116X01681,1,1,,PLT,,,
20061116X01681,1,2,,CPLT,,,
20001212X20910,1,1,54.0,PLT,5777.0,TOTL,ALL
20030630X00970,1,1,35.0,PLT,3300.0,TOTL,ALL
20160503X43234,1,1,,PLT,,,
20001211X14417,1,1,51.0,PLT,9555.0,TOTL,ALL
20130619X12430,1,1,,PLT,,,
20001212X22205,1,1,46.0,PLT,9415.0,TOTL,ALL
20001214X41702,1,1,32.0,PLT,,,
20020917X04486,1,1,30.0,PLT,23.0,TOTL,ALL
20130315X34542,1,1,69.0,PLT,22565.0,TOTL,ALL
20100717X71900,1,1,30.0,PLT,1663.0,TOTL,ALL
20050628X00887,1,1,61.0,PLT,300.0,TOTL,ALL
20180408X85603,1,1,30.0,PLT,6200.0,TOTL,ALL
20150620X32952,1,1,67.0,PLT,17500.0,TOTL,ALL
20001206X01819,1,1,62.0,PLT,40000.0,TOTL,ALL
20001206X01819,2,1,29.0,PLT,948.0,TOTL,ALL
20001212X20605,1,1,,PLT,,,
20170526X72155,1,1,,PLT,,,
20031017X01771,1,1,57.0,PLT,17500.0,TOTL,ALL
20030426X00576,1,1,51.0,FLTI,5100.0,TOTL,ALL
20030426X00576,1,2,24.0,DSTU,15.0,TOTL,ALL
20180630X11119,1,1,66.0,PLT,28000.0,TOTL,ALL
20001212X20956,1,1,56.0,PLT,250.0,TOTL,ALL
20001214X41971,1,1,20.0,PLT,117.0,TOTL,ALL
20020531X00796,1,1,53.0,PLT,,,
20001213X29094,1,1,30.0,PLT,5000.0,TOTL,ALL
20011026X02149,1,1,33.0,PLT,1031.0,TOTL,ALL
20141229X15321,1,1,34.0,FLTI,440.0,TOTL,ALL
20141229X15321,1,2,25.0,DSTU,36.0,TOTL,ALL
20160324X85218,1,1,,PLT,,,
20110726X03343,1,1,54.0,PLT,12273.0,TOTL,ALL
20001207X04683,1,1,42.0,PLT,4378.0,TOTL,ALL
20001212X21854,1,1,,PLT,,,
20161128X10058,1,1,57.0,PLT,,,
20030729X01216,1,1,55.0,PLT,5192.0,TOTL,ALL
20040630X00890,1,1,45.0,PLT,7174.0,TOTL,ALL
20001211X12110,1,1,48.0,PLT,18000.0,TOTL,ALL
20040831X01336,1,1,54.0,PLT,9034.0,TOTL,ALL
20140910X82654,1,1,42.0,PLT,,,
20001211X12448,1,1,60.0,PLT,5600.0,TOTL,ALL
20090309X04818,1,1,66.0,PLT,24722.0,TOTL,ALL
20001213X35336,1,1,54.0,PLT,9600.0,TOTL,ALL
20001213X26667,1,1,38.0,PLT,3419.0,TOTL,ALL
20081013X24743,1,1,43.0,PLT,6105.0,TOTL,ALL
20170105X41106,1,1,42.0,PLT,815.0,TOTL,ALL
20100206X10511,1,1,63.0,PLT,17610.0,TOTL,ALL
20060705X00868,1,1,72.0,PLT,8642.0,TOTL,ALL
20001211X11545,1,1,40.0,PLT,1488.0,TOTL,ALL
20001214X38040,1,1,33.0,PLT,6867.0,TOTL,ALL
20001213X31868,1,1,28.0,PLT,650.0,TOTL,ALL
20001213X31868,2,1,27.0,PLT,100.0,TOTL,ALL
20010613X01163,1,1,,PLT,,,
20020917X02542,1,1,26.0,PLT,2690.0,TOTL,ALL
20070321X00315,1,1,59.0,PLT,10471.0,TOTL,ALL
20080812X01232,1,1,,PLT,,,
20020917X04279,1,1,21.0,PLT,1046.0,TOTL,ALL
20030909X01486,1,1,,PLT,,,
20020917X05130,1,1,36.0,PLT,6800.0,TOTL,ALL
20081124X60839,1,1,66.0,PLT,,,
20081104X60811,1,1,43.0,DSTU,210.0,TOTL,ALL
20001213X25665,1,1,56.0,PLT,800.0,TOTL,ALL
20120424X81128,1,1,,PLT,11200.0,TOTL,ALL
20120424X81128,1,2,,CPLT,9500.0,TOTL,ALL
20001214X37972,1,1,43.0,PLT,6930.0,TOTL,ALL
20001212X21281,1,1,40.0,PLT,9000.0,TOTL,ALL
20001211X09660,1,1,44.0,PLT,310.0,TOTL,ALL
20001214X41655,1,1,46.0,PLT,6490.0,TOTL,ALL
20020917X02654,1,1,35.0,PLT,4851.0,TOTL,ALL
20001212X24612,1,1,48.0,PLT,9848.0,TOTL,ALL
20001212X17623,1,1,,PLT,,,
20081016X94016,1,1,69.0,PLT,3565.0,TOTL,ALL
20001212X22659,1,1,41.0,PLT,46.0,TOTL,ALL
20010807X01619,1,1,72.0,PLT,2300.0,TOTL,ALL
20001213X28250,1,1,31.0,PLT,4014.0,TOTL,ALL
20080820X01266,1,1,54.0,PLT,20286.0,TOTL,ALL
20080820X01266,1,2,,CPLT,,,
20001212X24304,1,1,32.0,PLT,375.0,TOTL,ALL
20060817X01202,1,1,56.0,PLT,114.0,TOTL,ALL
20060817X01202,1,2,46.0,FLTI,,,
20151124X23503,1,1,,PLT,,,
20050111X00036,1,1,58.0,PLT,6700.0,TOTL,ALL
20030826X01403,1,1,56.0,PLT,10414.0,TOTL,ALL
20001206X01493,1,1,25.0,PLT,1100.0,TOTL,ALL
20001213X35106,1,1,31.0,PLT,1450.0,TOTL,ALL
20020917X03075,1,1,51.0,PLT,131.0,TOTL,ALL
20170908X24535,1,1,51.0,PLT,4562.0,TOTL,ALL
20001213X34797,1,1,54.0,PLT,19000.0,TOTL,ALL
20001211X14028,1,1,26.0,PLT,2929.0,TOTL,ALL
20001214X36777,1,1,41.0,PLT,7044.0,TOTL,ALL
20160711X32921,1,1,58.0,PLT,18430.0,TOTL,ALL
20100831X45241,1,1,43.0,PLT,9000.0,TOTL,ALL
20050817X01264,1,1,49.0,PLT,4482.0,TOTL,ALL
20020917X01654,1,1,32.0,PLT,3954.0,TOTL,ALL
20160804X45514,1,1,29.0,PLT,1611.0,TOTL,ALL
20001214X43732,1,1,34.0,PLT,1845.0,TOTL,ALL
20110827X00428,1,1,34.0,PLT,2240.0,TOTL,ALL
20001213X34974,1,1,56.0,PLT,12080.0,TOTL,ALL
20060320X00323,1,1,47.0,PLT,12545.0,TOTL,ALL
20001212X18711,1,1,41.0,PLT,3467.0,TOTL,ALL
20001212X17486,1,1,37.0,PLT,188.0,TOTL,ALL
20020917X02834,1,1,32.0,PLT,2701.0,TOTL,ALL
20030605X00783,1,1,31.0,FLTI,1117.0,TOTL,ALL
20030605X00783,1,2,25.0,PLT,82.0,TOTL,ALL
20001214X38366,1,1,49.0,PLT,7180.0,TOTL,ALL
20001207X04525,1,1,38.0,PLT,270.0,TOTL,ALL
20001213X30486,1,1,26.0,PLT,4089.0,TOTL,ALL
20001208X06249,1,1,49.0,PLT,7352.0,TOTL,ALL
20001213X25488,1,1,40.0,PLT,8100.0,TOTL,ALL
20180630X45646,1,1,53.0,PLT,2686.0,TOTL,ALL
20001213X29293,1,1,33.0,PLT,3500.0,TOTL,ALL
20031119X01921,1,1,22.0,PLT,32.0,TOTL,ALL
20031119X01921,2,1,55.0,FLTI,8900.0,TOTL,ALL
20031119X01921,2,2,36.0,DSTU,370.0,TOTL,ALL
20001213X34110,1,1,36.0,PLT,7148.0,TOTL,ALL
20011105X02194,1,1,54.0,FLTI,7171.0,TOTL,ALL
20011105X02194,1,2,40.0,DSTU,13500.0,TOTL,ALL
20001206X01864,1,1,47.0,PLT,3092.0,TOTL,ALL
20001211X16175,1,1,29.0,PLT,5764.0,TOTL,ALL
20140810X32933,1,1,60.0,PLT,21450.0,TOTL,ALL
20001214X38624,1,1,43.0,PLT,5200.0,TOTL,ALL
20060209X00187,1,1,41.0,PLT,1035.0,TOTL,ALL
20080731X01133,1,1,59.0,PLT,2044.0,TOTL,ALL
20100925X54904,1,1,57.0,PLT,198.0,TOTL,ALL
20001214X42970,1,1,48.0,PLT,6340.0,TOTL,ALL
20090201X10015,1,1,47.0,PLT,,,
20051004X01574,1,1,,PLT,,,
20051004X01574,1,2,,CPLT,,,
20001214X38914,1,1,54.0,PLT,4630.0,TOTL,ALL
20001213X27720,1,1,45.0,PLT,7554.0,TOTL,ALL
20001213X33670,1,1,47.0,PLT,435.0,TOTL,ALL
20011009X02053,1,1,65.0,PLT,200.0,TOTL,ALL
20010301X00525,1,1,45.0,PLT,5090.0,TOTL,ALL
20001208X08867,1,1,56.0,PLT,752.0,TOTL,ALL
20001214X41392,1,1,35.0,PLT,4625.0,TOTL,ALL
20160129X20531,1,1,,PLT,,,
20001208X08177,1,1,49.0,PLT,3132.0,TOTL,ALL
20041004X01558,1,1,39.0,PLT,4125.0,TOTL,ALL
20001214X44301,1,1,39.0,PLT,4050.0,TOTL,ALL
20001214X38569,1,1,54.0,PLT,10586.0,TOTL,ALL
20020917X04416,1,1,39.0,PLT,4811.0,TOTL,ALL
20001211X11436,1,1,47.0,PLT,1105.0,TOTL,ALL
20001213X27051,1,1,42.0,PLT,6.0,TOTL,ALL
20110710X23251,1,1,60.0,PLT,575.0,TOTL,ALL
20001206X01735,1,1,40.0,PLT,4270.0,TOTL,ALL
20001206X01330,1,1,46.0,PLT,1018.0,TOTL,ALL
20001214X35497,1,1,52.0,PLT,14000.0,TOTL,ALL
20160404X74644,1,1,38.0,PLT,1310.0,TOTL,ALL
20001213X27484,1,1,46.0,PLT,1218.0,TOTL,ALL
20110102X35752,1,1,32.0,PLT,2300.0,TOTL,ALL
20110102X35752,2,1,43.0,PLT,6803.0,TOTL,ALL
20001211X12679,1,1,34.0,PLT,660.0,TOTL,ALL
20001213X29290,1,1,28.0,PLT,4165.0,TOTL,ALL
20001206X02756,1,1,40.0,PLT,5800.0,TOTL,ALL
20020102X00004,1,1,,PLT,,,
20051007X01599,1,1,58.0,PLT,8190.0,TOTL,ALL
20010105X00032,1,1,61.0,PLT,15454.0,TOTL,ALL
20001212X19968,1,1,,PLT,,,
20001211X14311,1,1,35.0,PLT,7630.0,TOTL,ALL
20001212X21660,1,1,44.0,PLT,1585.0,TOTL,ALL
20131223X13312,1,1,,PLT,,,
20001214X40351,1,1,23.0,PLT,,,
20001214X43325,1,1,44.0,PLT,2478.0,TOTL,ALL
20001214X36453,1,1,25.0,PLT,127.0,TOTL,ALL
20001214X36453,2,1,38.0,PLT,4560.0,TOTL,ALL
20001213X26492,1,1,27.0,PLT,341.0,TOTL,ALL
20001211X14781,1,1,52.0,PLT,10942.0,TOTL,ALL
20060510X00540,1,1,63.0,PLT,,,
20091102X24217,1,1,,PLT,,,
20020715X01131,1,1,36.0,PLT,4000.0,TOTL,ALL
20001207X03023,1,1,33.0,PLT,1150.0,TOTL,ALL
20020917X02329,1,1,35.0,PLT,10524.0,TOTL,ALL
20001208X08876,1,1,35.0,PLT,7817.0,TOTL,ALL
20001211X13165,1,1,,PLT,4350.0,TOTL,ALL
20090610X23159,1,1,,PLT,,,
20080205X00139,1,1,,PLT,,,
20140224X45611,1,1,,FLTI,,,
20101116X70645,1,1,36.0,PLT,,,
20101116X70645,1,2,37.0,CPLT,,,
20141004X60516,1,1,36.0,PLT,1810.0,TOTL,ALL
20020917X04037,1,1,34.0,PLT,2200.0,TOTL,ALL
20151217X21921,1,1,,PLT,,,
20170813X82426,1,1,48.0,PLT,5831.0,TOTL,ALL
20071219X01972,1,1,,PLT,,,
20001208X06988,1,1,44.0,PLT,10000.0,TOTL,ALL
20001214X42798,1,1,29.0,PLT,3500.0,TOTL,ALL
20040810X01175,1,1,44.0,FLTI,,,
20080222X00227,1,1,55.0,PLT,16896.0,TOTL,ALL
20001212X19608,1,1,,PLT,,,
20080521X00710,1,1,,PLT,,,
20001212X22427,1,1,44.0,PLT,5103.0,TOTL,ALL
20151216X13718,1,1,51.0,PLT,5600.0,TOTL,ALL
20001212X24462,1,1,42.0,PLT,1250.0,TOTL,ALL
20001211X11250,1,1,28.0,PLT,2586.0,TOTL,ALL
20001211X11250,2,1,34.0,PLT,3667.0,TOTL,ALL
20001213X30716,1,1,38.0,PLT,6160.0,TOTL,ALL
20041221X02018,1,1,46.0,PLT,5472.0,TOTL,ALL
20001205X00484,1,1,34.0,PLT,5017.0,TOTL,ALL
20040727X01081,1,1,62.0,PLT,7624.0,TOTL,ALL
20171025X21112,1,1,70.0,PLT,5100.0,TOTL,ALL
20001213X33964,1,1,34.0,PLT,13800.0,TOTL,ALL
20001213X30189,1,1,44.0,PLT,190.0,TOTL,ALL
20001214X35804,1,1,40.0,PLT,,,
20051130X01916,1,1,42.0,PLT,7000.0,TOTL,ALL
20051130X01916,4,1,24.0,PLT,2717.0,TOTL,ALL
20001211X14928,1,1,65.0,PLT,3800.0,TOTL,ALL
20080220X00219,1,1,,PLT,,,
20001214X44722,1,1,40.0,PLT,9625.0,TOTL,ALL
20110627X51003,1,1,60.0,PLT,,,
20001207X03520,1,1,48.0,PLT,150.0,TOTL,ALL
20011026X02150,1,1,60.0,PLT,,,
20001213X28565,1,1,47.0,PLT,9036.0,TOTL,ALL
20130108X72905,1,1,53.0,PLT,,,
20130108X72905,1,2,42.0,CPLT,,,
20091107X23541,1,1,61.0,PLT,12000.0,TOTL,ALL
20091107X23541,1,2,58.0,PLT,1523.0,TOTL,ALL
20150407X12857,1,1,54.0,PLT,6884.0,TOTL,ALL
20020917X04428,1,1,48.0,PLT,1662.0,TOTL,ALL
20080421X00524,1,1,39.0,PLT,3747.0,TOTL,ALL
20001208X08612,1,1,51.0,PLT,15458.0,TOTL,ALL
20080613X00858,1,1,63.0,PLT,20537.0,TOTL,ALL
20001212X19686,1,1,53.0,PLT,26000.0,TOTL,ALL
20001212X19686,2,1,29.0,PLT,2500.0,TOTL,ALL
20001206X02113,1,1,,PLT,,,
20011002X02023,1,1,54.0,PLT,17163.0,TOTL,ALL
20001213X27263,1,1,37.0,PLT,1000.0,TOTL,ALL
20100617X13529,1,1,64.0,PLT,27600.0,TOTL,ALL
20001211X09841,1,1,41.0,PLT,187.0,TOTL,ALL
20050114X00052,1,1,,PLT,,,
20001213X25794,1,1,32.0,PLT,1785.0,TOTL,ALL
20060905X01290,1,1,32.0,PLT,4178.0,TOTL,ALL
20020917X05134,1,1,36.0,PLT,8331.0,TOTL,ALL
20180929X15228,1,1,53.0,PLT,1129.0,TOTL,ALL
20080109X00032,1,1,41.0,PLT,3500.0,TOTL,ALL
20001211X11722,1,1,41.0,PLT,12500.0,TOTL,ALL
20051019X01693,1,1,62.0,PLT,508.0,TOTL,ALL
20051019X01693,1,2,60.0,CPLT,485.0,TOTL,ALL
20070611X00708,1,1,,PLT,,,
20030702X01010,1,1,,FLTI,,,
20030702X01010,1,2,,DSTU,,,
20001211X15196,1,1,35.0,PLT,4460.0,TOTL,ALL
20050909X01429,1,1,,PLT,,,
20001206X02510,1,1,,PLT,,,
20080908X01405,1,1,24.0,FLTI,1565.0,TOTL,ALL
20080908X01405,1,2,25.0,PLT,137.0,TOTL,ALL
20001213X31212,1,1,39.0,PLT,2454.0,TOTL,ALL
20001211X09966,1,1,34.0,PLT,2350.0,TOTL,ALL
20001211X09966,2,1,54.0,PLT,433.0,TOTL,ALL
20040630X00889,1,1,34.0,PLT,857.0,TOTL,ALL
20040630X00889,1,2,30.0,CPLT,90.0,TOTL,ALL
20020701X01007,1,1,43.0,PLT,2580.0,TOTL,ALL
20030116X00078,1,1,58.0,PLT,5360.0,TOTL,ALL
20001211X15225,1,1,33.0,PLT,1078.0,TOTL,ALL
20001208X08960,1,1,42.0,PLT,2660.0,TOTL,ALL
20001214X40222,1,1,61.0,PLT,,,
20001212X17333,1,1,,PLT,,,
20020910X01577,1,1,37.0,PLT,838.0,TOTL,ALL
20001211X15767,1,1,,PLT,,,
20001211X15767,2,1,,PLT,,,
20130805X31941,1,1,24.0,PLT,4500.0,TOTL,ALL
20001211X11706,1,1,39.0,PLT,3925.0,TOTL,ALL
20020220X00233,1,1,56.0,PLT,17747.0,TOTL,ALL
20001212X21525,1,1,55.0,PLT,12625.0,TOTL,ALL
20080925X01525,1,1,54.0,PLT,329.0,TOTL,ALL
20001214X41970,1,1,29.0,PLT,,,
20020314X00344,1,1,32.0,PLT,3900.0,TOTL,ALL
20001207X03171,1,1,,PLT,,,
20021106X05440,1,1,45.0,PLT,1000.0,TOTL,ALL
20120612X20331,1,1,31.0,PLT,,,
20070515X00566,1,1,,PLT,,,
20001211X09984,1,1,49.0,PLT,5300.0,TOTL,ALL
20001211X11280,1,1,26.0,PLT,550.0,TOTL,ALL
20130612X12326,1,1,32.0,PLT,3560.0,TOTL,ALL
20001211X14234,1,1,40.0,PLT,,,
20121017X91940,1,1,52.0,PLT,7106.0,TOTL,ALL
20011109X02217,1,1,,PLT,,,
20080914X01455,1,1,,PLT,,,
20080914X01455,1,2,,CPLT,,,
20001213X29504,1,1,47.0,PLT,6900.0,TOTL,ALL
20001211X13997,1,1,46.0,PLT,2712.0,TOTL,ALL
20140925X93010,1,1,,PLT,,,
20080527X00729,1,1,68.0,PLT,2117.0,TOTL,ALL
20001213X25128,1,1,24.0,PLT,900.0,TOTL,ALL
20081116X80702,1,1,29.0,PLT,3602.0,TOTL,ALL
20041028X01713,1,1,,PLT,,,
20041028X01713,1,2,,CPLT,,,
20001208X06572,1,1,50.0,PLT,8272.0,TOTL,ALL
20060920X01370,1,1,,FLTI,,,
20140908X10448,1,1,26.0,PLT,1522.0,TOTL,ALL
20001213X29777,1,1,49.0,PLT,17000.0,TOTL,ALL
20020917X04804,1,1,62.0,PLT,4777.0,TOTL,ALL
20100325X93604,1,1,58.0,PLT,4193.0,TOTL,ALL
20001214X41458,1,1,26.0,PLT,372.0,TOTL,ALL
20001212X22031,1,1,40.0,PLT,3054.0,TOTL,ALL
20001208X07518,1,1,47.0,PLT,7179.0,TOTL,ALL
20090113X30943,1,1,,PLT,,,
20001205X00477,1,1,,PLT,,,
20170916X35842,1,1,,PLT,,,
20001206X01118,1,1,32.0,PLT,3100.0,TOTL,ALL
20001214X37122,1,1,29.0,PLT,1610.0,TOTL,ALL
20001212X20250,1,1,,PLT,,,
20030603X00760,1,1,73.0,PLT,15000.0,TOTL,ALL
20001207X04865,1,1,28.0,PLT,1000.0,TOTL,ALL
20001212X18460,1,1,35.0,PLT,1058.0,TOTL,ALL
20040603X00720,1,1,,PLT,,,
20001208X06129,1,1,34.0,PLT,7985.0,TOTL,ALL
20001213X33550,1,1,54.0,PLT,5400.0,TOTL,ALL
20001211X11285,1,1,47.0,PLT,100.0,TOTL,ALL
20100602X01732,1,1,29.0,DSTU,32.0,TOTL,ALL
20030626X00960,1,1,41.0,PLT,3714.0,TOTL,ALL
20001213X35424,1,1,44.0,PLT,,,
20010302X00535,1,1,67.0,PLT,231.0,TOTL,ALL
20010302X00535,1,2,64.0,CPLT,143.0,TOTL,ALL
20070920X01418,1,1,44.0,PLT,7343.0,TOTL,ALL
20061012X01505,1,1,46.0,PLT,200.0,TOTL,ALL
20121126X75106,1,1,61.0,PLT,1500.0,TOTL,ALL
20030117X00084,1,1,47.0,PLT,3846.0,TOTL,ALL
20111004X71245,1,1,56.0,PLT,2287.0,TOTL,ALL
20180127X31420,1,1,33.0,PLT,8000.0,TOTL,ALL
20140414X14114,1,1,46.0,PLT,52.70000079999999,TOTL,ALL
20050620X00814,1,1,47.0,PLT,450.0,TOTL,ALL
20001213X29884,1,1,42.0,PLT,332.0,TOTL,ALL
20001212X22004,1,1,80.0,PLT,11000.0,TOTL,ALL
20130723X70214,1,1,45.0,PLT,2754.0,TOTL,ALL
20130723X70214,1,2,40.0,CPLT,1150.0,TOTL,ALL
20001214X39978,1,1,26.0,PLT,,,
20001212X21821,1,1,,PLT,,,
20041207X01933,1,1,39.0,FLTI,8100.0,TOTL,ALL
20041207X01933,1,2,54.0,DSTU,300.0,TOTL,ALL
20001213X31041,1,1,26.0,PLT,930.0,TOTL,ALL
20001213X29904,1,1,26.0,PLT,1737.0,TOTL,ALL
20001213X29904,2,1,38.0,PLT,,,
20001213X33434,1,1,43.0,PLT,,,
20001214X36255,1,1,37.0,PLT,8800.0,TOTL,ALL
20001213X25587,1,1,23.0,PLT,1000.0,TOTL,ALL
20001213X25587,2,1,45.0,PLT,15287.0,TOTL,ALL
20051024X01716,1,1,,PLT,,,
20051024X01716,1,2,,CPLT,,,
20001211X09878,1,1,54.0,PLT,5903.0,TOTL,ALL
20171107X44514,1,1,71.0,PLT,25035.0,TOTL,ALL
20151118X05037,1,1,65.0,PLT,25000.0,TOTL,ALL
20130716X92622,1,1,27.0,PLT,5000.0,TOTL,ALL
20001213X26056,1,1,43.0,PLT,3702.0,TOTL,ALL
20121005X04242,1,1,62.0,PLT,11386.0,TOTL,ALL
20050829X01319,1,1,53.0,PLT,246.0,TOTL,ALL
20070919X01416,1,1,64.0,PLT,25640.0,TOTL,ALL
20100722X21328,1,1,56.0,PLT,12240.0,TOTL,ALL
20001214X37125,1,1,32.0,PLT,4940.0,TOTL,ALL
20001214X37762,1,1,38.0,PLT,8183.0,TOTL,ALL
20001208X06580,1,1,42.0,PLT,9600.0,TOTL,ALL
20001212X17548,1,1,50.0,PLT,6498.0,TOTL,ALL
20001213X29736,1,1,46.0,PLT,4758.0,TOTL,ALL
20070808X01151,1,1,41.0,PLT,2122.0,TOTL,ALL
20040825X01284,1,1,57.0,PLT,21803.0,TOTL,ALL
20180706X04105,1,1,52.0,PLT,,,
20001212X18118,1,1,39.0,PLT,7000.0,TOTL,ALL
20001206X02276,1,1,60.0,PLT,17795.0,TOTL,ALL
20001206X02276,2,1,48.0,PLT,8239.0,TOTL,ALL
20001206X02426,1,1,33.0,PLT,80.0,TOTL,ALL
20001212X23158,1,1,58.0,PLT,10769.0,TOTL,ALL
20160912X33002,1,1,,PLT,,,
20001207X04567,1,1,61.0,PLT,2575.0,TOTL,ALL
20031021X01791,1,1,61.0,PLT,18913.0,TOTL,ALL
20110131X92536,1,1,60.0,PLT,11500.0,TOTL,ALL
20001214X37904,1,1,36.0,PLT,120.0,TOTL,ALL
20001212X23062,1,1,42.0,PLT,4298.0,TOTL,ALL
20001213X33747,1,1,28.0,PLT,1519.0,TOTL,ALL
20001213X32802,1,1,31.0,PLT,390.0,TOTL,ALL
20001211X12638,1,1,52.0,PLT,2000.0,TOTL,ALL
20001211X14890,1,1,36.0,PLT,2200.0,TOTL,ALL
20040723X01045,1,1,,PLT,,,
20110515X15314,1,1,60.0,PLT,23000.0,TOTL,ALL
20001214X38301,1,1,27.0,PLT,1270.0,TOTL,ALL
20001211X12978,1,1,40.0,PLT,7751.0,TOTL,ALL
20001207X04610,1,1,51.0,PLT,10000.0,TOTL,ALL
20120817X11119,1,1,,PLT,,,
20120817X11119,1,2,,CPLT,,,
20160507X31120,1,1,66.0,PLT,7190.0,TOTL,ALL
20071227X01994,1,1,64.0,PLT,7500.0,TOTL,ALL
20020930X05241,1,1,60.0,PLT,7675.0,TOTL,ALL
20001208X09363,1,1,38.0,PLT,1800.0,TOTL,ALL
20170215X50149,1,1,54.0,PLT,900.0,TOTL,ALL
20040816X01225,1,1,55.0,PLT,22650.0,TOTL,ALL
20170908X43517,1,1,30.0,PLT,480.0,TOTL,ALL
20001213X30734,1,1,44.0,PLT,,,
20001205X00175,1,1,51.0,PLT,,,
20040519X00615,1,1,33.0,PLT,39.0,TOTL,ALL
20180910X95902,1,1,,PLT,,,
20020917X02107,1,1,59.0,PLT,25383.0,TOTL,ALL
20090720X02055,1,1,42.0,PLT,6200.0,TOTL,ALL
20001212X16316,1,1,44.0,PLT,2476.0,TOTL,ALL
20001213X34206,1,1,35.0,PLT,,,
20050722X01080,1,1,,PLT,,,
20050722X01080,1,2,,CPLT,,,
20040422X00501,1,1,50.0,PLT,7288.0,TOTL,ALL
20040422X00501,1,2,46.0,CPLT,1941.0,TOTL,ALL
20120808X44331,1,1,64.0,PLT,19500.0,TOTL,ALL
20010530X01027,1,1,,PLT,,,
20001211X12761,1,1,32.0,PLT,1073.0,TOTL,ALL
20001213X28180,1,1,39.0,PLT,3283.0,TOTL,ALL
20001214X37081,1,1,24.0,PLT,1479.0,TOTL,ALL
20050215X00189,1,1,,PLT,,,
20001214X40458,1,1,35.0,PLT,4728.0,TOTL,ALL
20110930X82845,1,1,,PLT,,,
20011129X02311,1,1,51.0,PLT,900.0,TOTL,ALL
20001214X36426,1,1,48.0,PLT,121.0,TOTL,ALL
20030502X00613,1,1,56.0,PLT,8741.0,TOTL,ALL
20080201X00130,1,1,29.0,PLT,54.0,TOTL,ALL
20001214X40346,1,1,37.0,PLT,4004.0,TOTL,ALL
20070802X01089,1,1,47.0,PLT,13578.0,TOTL,ALL
20070802X01089,2,1,47.0,PLT,8006.0,TOTL,ALL
20001214X38803,1,1,50.0,PLT,310.0,TOTL,ALL
20180210X14603,1,1,41.0,PLT,2423.1001,TOTL,ALL
20001211X12930,1,1,52.0,PLT,1000.0,TOTL,ALL
20001214X37804,1,1,40.0,PLT,5490.0,TOTL,ALL
20080319X00331,1,1,,PLT,,,
20180702X64203,1,1,,PLT,,,
20111031X10241,1,1,66.0,PLT,11091.0,TOTL,ALL
20130928X12809,1,1,50.0,PLT,20000.0,TOTL,ALL
20080515X00675,1,1,,PLT,,,
20001211X11011,1,1,50.0,PLT,28000.0,TOTL,ALL
20001214X38747,1,1,39.0,PLT,3674.0,TOTL,ALL
20110327X95842,1,1,54.0,PLT,,,
20060605X00682,1,1,55.0,PLT,15564.0,TOTL,ALL
20001213X29368,1,1,38.0,PLT,30.0,TOTL,ALL
20001213X29368,2,1,43.0,PLT,7452.0,TOTL,ALL
20001208X05241,1,1,52.0,PLT,11288.0,TOTL,ALL
20180609X45235,1,1,27.0,PLT,,,
20001213X30252,1,1,44.0,PLT,8518.0,TOTL,ALL
20001212X20170,1,1,,PLT,,,
20001214X41987,1,1,32.0,PLT,3166.0,TOTL,ALL
20020917X03666,1,1,42.0,PLT,13795.0,TOTL,ALL
20001212X20623,1,1,31.0,PLT,3630.0,TOTL,ALL
20140717X70001,1,1,46.0,PLT,6167.0,TOTL,ALL
20080722X01096,1,1,57.0,PLT,1320.0,TOTL,ALL
20020917X04643,1,1,39.0,PLT,2083.0,TOTL,ALL
20001206X02540,1,1,26.0,PLT,2357.0,TOTL,ALL
20160612X85856,1,1,73.0,PLT,6000.0,TOTL,ALL
20160516X00545,1,1,44.0,PLT,12750.0,TOTL,ALL
